[
    {
        "文书名": "新入院评估单",
        "时间": "2020-05-15 10:25:00",
        "jlysxgsj": "",
        "cfysxgsj": "",
        "sjysxgsj": "",
        "录入日期": "2020-05-15 10:28:23",
        "最后修改日期": "2020-05-15 10:28:23",
        "内容": {
            "一、基本信息": "姓名: 性别:女 年龄:32 国籍:中国 民族:汉族 职业:在职 文化程度:本科 婚姻状况:未婚 入科室时间:2020年5月15日9时58分 入院形式:门诊 入院方式:步行 药物过敏史: 无 药物过敏史\n特殊既往史: 有 特殊既往史，为腹部大手术； leep刀 既往不安全事件发生史: 无 既往不安全事件发生史\n特殊药物服用史: 无 特殊药物服用史 病人对疾病的认知: 认识 病人对医疗服务的经济忧患: 无\n宗教信仰:无宗教信仰",
            "二、生活习惯与自理能力评估": "体貌: 正常 睡眠: 正常\n运动: 无\n嗜好: 无 自理能力: Barthel指数总分100分。\n步态: 稳定 活动状态: 活动自如",
            "三、生理状况评估": "体温 36.6 ℃，脉搏 76 次/分，呼吸 18 次/分，血压 110 /60 mmHg\n意识及感知觉状况评估: 清醒 ，感知觉未受损（对指令有反应，能准确表达疼痛和不适）\n语言表达: 清楚 ，对答切题\n视力: 近视\n听力: 正常",
            "四、营养状况评估": "测量身高166cm，体重59kg，BMI21.41Kg/m2\n近期无体重下降，\n饮食:普食 ；一周内无 进食量减少",
            "五、粘膜与皮肤状况评估": "颜色: 正常 温度: 正常\n湿度: 正常（皮肤经常保持干燥，只需常规更换床单） 皮肤完整性: 完整\n水肿: 无 静脉炎: 无",
            "六、呼吸系统评估": "呼吸方式: 自主呼吸\n呼吸节律: 规则 ，无 呼吸困难 咳嗽: 无 咳嗽",
            "七、循环系统评估": "脉搏: 规则 ，无 起搏器 特殊症状: 无",
            "八、消化与泌尿系统评估": "消化道症状: 无 恶心；无 嗳气；无 反酸；无 烧灼感； 无 呕吐； 无 腹胀； 无 腹水\n粪便:成形 ；1次/1天； 排尿: 正常 ，颜色为正常",
            "九、疼痛与心理健康状况评估": "疼痛: 无 疼痛 思维状况: 无异常\n心理状态: 无异常",
            "十、置管状况评估": "无置管。",
            "十一、特殊评估": "无",
            "十二、告知事项": "责任医生和责任护士的姓名。\n病室环境及病室制度(查房,用膳,探视,作息时间）。\n病人权利和义务。\n请勿擅自解除腕带。\n请正确使用呼叫设施。\n请勿跨越床栏下床。\n请勿随意调节医疗设备。\n请勿私自使用取暖设施，禁止使用电器设备。\n请采取防止跌倒预防措施。\n未获医生准假前，请勿擅自离院。\n在医院内禁止吸烟。\n为保障饮食安全，请勿在住院期间食用外卖食物。",
            "十三、高危人群筛查": "该病人入院时不存在营养风险\n该病人入院时不属于防范跌倒高危人群\n该病人入院时不属于防范压疮高危人群\n该病人分级护理建议为三级护理。\n【医学元素\\签名\\护士签名2-入院评估单】\n【医学元素\\签名\\护士签名3-入院评估单】"
        }
    },
    {
        "文书名": "乳腺中心24小时出入院记录",
        "时间": "2020-05-15 10:42:00",
        "jlysxgsj": "",
        "cfysxgsj": "",
        "sjysxgsj": "",
        "录入日期": "2020-05-15 10:46:36",
        "最后修改日期": "2020-05-15 13:32:18",
        "内容": {
            "姓名": " 性别: 女 年龄: 32岁 职业: 职员 入院时间: 2020年05月15日 09时58分 出院时间: 2020年05月16日 10时00分",
            "主诉": "体检发现右乳肿物3月余。",
            "入院情况": "患者3个月前体检发现右乳肿物，大小约2cm，无乳房疼痛，无乳头溢液，无乳房局部皮肤破溃红肿，皮肤无变薄，皮下未见扩张静脉，乳头皮肤无湿疹样改变。近期来我院门诊就诊，2020-05-15乳腺超声提示:右侧乳腺可见多个低回声，之一位于约10点钟方向，大小约22×9mm， 拟US-BI-RADS 3类，首先考虑囊肿伴囊内透声差。现患者为求进一步诊治，门诊拟“右乳肿物”收治入院。\n自起病以来，患者神清，精神可，食欲胃纳佳，二便正常，夜眠可，体重无明显变化。\n查体:双乳对称，双侧乳头位于同一水平面，乳头无内陷及歪斜，挤压无溢液。未见乳房皮肤红肿、橘皮征、酒窝征，未见乳头湿疹样改变。右乳外上可扪及一直径约2 cm，质韧，活动度好，边界清，无皮粘，左 乳外上 可及一肿块，大小约1 cm，质韧，活动度好，边界清，无皮粘。双侧腋下未扪及明显肿大淋巴结。",
            "入院诊断": "乳房肿块(双乳)",
            "诊疗经过": "患者入院后完善相关检查，排除手术禁忌后，于2020-05-15 全麻下行右乳肿块麦默通旋切术 。术后予以常规补液支持，现患者一般情况可，生命体征平稳，伤口愈合I/甲，经上级医生查房同意后，予以出院。",
            "出院情况": "",
            "出院诊断": "【医学元素\\自定义控件\\出院诊断控件】",
            "出院医嘱": "【24小时出院医嘱】 【医学元素\\签名2\\医师签名-医师】"
        }
    },
    {
        "文书名": "入院告知书",
        "时间": "2020-05-15 10:46:00",
        "jlysxgsj": "",
        "cfysxgsj": "",
        "sjysxgsj": "",
        "录入日期": "2020-05-15 10:46:58",
        "最后修改日期": "2020-05-15 10:46:58",
        "内容": {
            "患者信息": "姓名: 性别:女 年龄:32 入院日期:2020.05.15 9:58\n病区名称:乳腺外科一 床号:+88 住院号:z8861\n为了保障患者在我院住院期间享受充分的知情同意权。医务人员将向您告知您的病情，医疗措施，医疗风险等情况，解答您对疾病的咨询。未经患者本人充分知情和签名同意，医务人员将不得进行手术等重大医疗行为。但由于患者各人心理和承受能力不同，以及疾病发展具有不可预测性，为了有利于治疗，请您现授权委托一位您充分信任的代理人，代为行使患者的知情同意权。遵照我国现行相关法律法规的规定，当患者对事物具有一定理解力和判断力的情况下，手术决定权和签字权属于患者本人。但当患者是限制行为能力或无行为能力，可以按照如下规定顺序:配偶—父母—成年子女—其他亲属—经基层组织或法院裁定的其他亲朋，委托其代为行使签字权。但患者具有完全民事行为能力时，也可以委托亲属或单位行使知情同意权，但必须有患者本人和委托代理人共同签署的“授权委托书”留作证明。在紧急情况下，如果近亲属不在场，无法及时签字，可由医疗机构负责人或授权的负责人签字或医院委托他人（单位）签字。我院将根据您签名出具的“授权委托书”，视代理人的代理行为为您本人真实意思的表示。\n为了让医生给您制定最佳的治疗方案，请您务必客观、真实地向医生提供您的病史资料及相关情况；如您对住院期间的治疗过程有异议的，可向您的经治医师、主管科室主任提出，也可向医院医务处/护理部反映，联系电话:665823/665822分机，我院将本着客观、公正的原则尽力予以协调解决；如对医院的处理意见不满意，您也可以通过医疗事故鉴定或法院诉讼予以解决。您在我院如产生医疗争议，由我院所在地人民法院管辖。特此告知。\n上述告知书内容本人已充分理解，患者手写:＿＿＿＿＿＿＿＿＿＿＿＿＿\n本人决定选择以下方式（不选择处划掉）:\n1、向贵院出具“授权委托书”指定代理人；\n2、本人决定不委托代理人，如本人病情出现紧急情况，授权经治医师决定治疗方案，如有医疗风险和不良后果，由本人自行负责。"
        }
    },
    {
        "文书名": "乳腺科自费用药、医用消耗品知情同意书",
        "时间": "2020-05-15 10:47:00",
        "jlysxgsj": "",
        "cfysxgsj": "",
        "sjysxgsj": "",
        "录入日期": "2020-05-15 10:47:09",
        "最后修改日期": "2020-05-15 10:47:09",
        "内容": {
            "患者信息": "姓名: 性别:女 年龄:32 入院日期:2020.05.15 9:58\n病区名称:乳腺外科一 床号:+88 住院号:z8861\n经医疗组医生讨论，由于病情需要，建议必要时使用下列自费药品、医用消耗品:\n药品（耗材）名称:\n手术中根据病情需要，使用电刀、进口缝线、皮钉、麦默通旋切穿刺针（乳房肿物麦默通旋切术）、钛夹（乳腺癌保乳根治术）、乳房假体（乳房重建术）\n规格（ 剂量）:\n用法:\n使用天数:\n按上海市人力资源和社会保障局规定，上述药品、医疗消耗品不属本市医保报销范围，须由病人自费支付。特此告知。"
        }
    },
    {
        "文书名": "乳腺外科日间手术术前知情同意书",
        "时间": "2020-05-15 10:47:00",
        "jlysxgsj": "",
        "cfysxgsj": "",
        "sjysxgsj": "",
        "录入日期": "2020-05-15 10:47:53",
        "最后修改日期": "2020-05-15 10:47:54",
        "内容": {
            "患者信息": "姓名: 性别:女 年龄:32 入院日期:2020.05.15 9:58\n病区名称:乳腺外科一 床号:+88 住院号:z8861\n手术前检查结果: 已完善\n手术(操作)前拟诊: 左乳□ /右乳□ 肿物\n拟定手术(操作)名称: 左乳□ /右乳□ 麦默通旋切术",
            "告知内容": "因目前医学科学技术水平的局限，尚难以杜绝接受手术治疗的病人在术中和术后可能发生的下列意外和并发症。\n一、术中:\n1、麻醉过程中呼吸、心跳骤停。麻醉插管后声音嘶哑、喉部水肿等。麻醉相关的危险性由麻醉师另行告知。\n2、病员伴心、脑、肺等疾病，术中（包括术后）可能突发意外甚至死亡。\n3、难以控制的出血、渗血而危及生命。\n4、诊断不明确者，手术可能达不到预期目的。\n5、术中发现其他病变，须改变原手术方案。\n6、若术中冰冻病理报告提示病变为恶性或病变性质无法明确，暂不进一步手术，具体治疗方案进一步再决定。\n二、术后:\n7、出血、渗血不止、也可能再次手术止血。\n8、术后发生肺不张、肺炎、胸腔积液和呼吸功能衰竭等并发症。\n9、发生心律失常、心力衰竭、心肌梗塞、脑卒中、肺栓塞、动脉栓塞等心血管并发症。\n10、急性肾功能衰竭，如尿少、无尿等，肝功能衰竭，如黄疸、腹水和肝性脑病等。\n11、原有心、肺、肝、肾等器官功能进一步减退。\n12、应激性溃疡出血，出血性休克。\n13、术后感染，包括切口感染和全身性（如菌血症、败血症等）感染等。\n14、切口血肿、积液或裂开等。\n15、糖尿病患者，上述各项并发症发生率明显增加。\n16、术后出现全身并发症，导致死亡。\n17、目前医学科学尚不能解释和解决的意外。\n以上事项已告知患者（或委托人），患者（或委托人）对以上情况表示完全理解，愿意承担各项风险，同意手术（操作），并在本知情同意单签字为证。\n替代医疗方案:\n对上述手术风险及并发症，如患者或委托人不理解可以向医生咨询，在充分理解以后决定是否选择手术治疗或按替代医疗方案实施。请在文本上写明意见并签名。",
            "注意事项": "1、若患者（或委托者）确实还不理解以上谈话内容或难以接受可能出现的严重后果，请不要签名并暂缓手术。\n2、患者（或委托者）应明确:凡在本记录签名后，表明患者（或委托人）已完全明白上述意外和并发症发生的可能性，并对此有充分的思想准备，请慎重考虑后填写。\n3、本同意书具有法律效应，可以作为法庭呈供证据。\n患者（或委托人）意见: 单位负责人意见:\n患者（或委托人）签字: 单位负责人签名:\n委托人与患者关系: 单位名称:\n术中发生意外情况，再次与家属谈话:\n家属签名: 与病人的关系:\n【医学元素\\签名\\医师签名-谈话记录再次】"
        }
    },
    {
        "文书名": "乙型肝炎项目检测知情同意书",
        "时间": "2020-05-15 10:47:00",
        "jlysxgsj": "",
        "cfysxgsj": "",
        "sjysxgsj": "",
        "录入日期": "2020-05-15 10:47:36",
        "最后修改日期": "2020-05-15 10:47:36",
        "内容": {
            "患者信息": "姓名  性别 女 年龄 32\n入院日期 2020.05.15 9:58 病区床位 2208 住院号 z794048 临床诊断: 乳房肿块（双乳）",
            "既往史": "1 手术史: 有□ 无□ 2 外伤史: 有□ 无□ 3 输血史: 有□ 无□ 4肝炎史: 有□ 无□\n医院根据《卫生部办公厅关于加强乙肝项目检测管理工作的通知》(卫办医政发[2010]38号) 文件精神，严格执行《通知》的相关规定，加强乙肝项目检测管理工作，保护患者或被检者的隐私权，院方必须征得您知情同意的情况下方能实施抽血检测。现告知如下:\n一、根据临床资料，院方为 □明确诊断 □治疗需要 □输血治疗前监测 □其他: _____ 需要对您进行乙肝项目检测，院方须在征得您同意之后为您进行相关检查，并加强对有关检测结果报告单的管理，保护您的隐私。\n患者或委托人意见:院方已告知我需要进行乙肝项目检测的目的。\n本人/委托人 □ 同意 □ 不同意\n如您选择不同意进行检测，则由此带来的影响诊治效果或引起不良后果的责任有患方承担。院方已告知我不接受乙肝项目检测的不良后果，本人/委托人仍选择不进行乙肝项目检测。\n本人/委托人签名: 签署日期:\n二、被检者自愿要求院方给予作乙肝肝炎项目检测。\n本人自愿要求给予作乙肝肝炎项目检测。（签名见页脚）"
        }
    },
    {
        "文书名": "患者授权委托书",
        "时间": "2020-05-15 10:47:00",
        "jlysxgsj": "",
        "cfysxgsj": "",
        "sjysxgsj": "",
        "录入日期": "2020-05-15 10:47:03",
        "最后修改日期": "2020-05-15 10:47:03",
        "内容": {
            "患者信息": "姓名: 性别:女 年龄:32 入院日期:2020.05.15 9:58\n病区名称:乳腺外科一 床号:+88 住院号:z8861\n为有利于本人的疾病治疗，兹委托 （与患者关系: ）为本人的代理人。听取医疗机构告知有关本人的病情、医疗措施、医疗风险等情况，全权处理本人在诊疗过程中的一切事物并在手术同意书等需患者签名同意的医疗文书上签名，代理本人行使知情同意权和选择权。经代理人签名同意所实施的诊疗行为，若产生不良后果将由本人承担。\n此致\n委托人（患者）姓名: 性别 : 女 年龄:32\n病区名称:乳腺外科一 床号:+88 住院号:z8861\n受托人姓名: 性别 : 年龄: 身份证号:\n联系电话: 地址:"
        }
    },
    {
        "文书名": "冷冻切片病理检查知情同意书",
        "时间": "2020-05-15 10:47:00",
        "jlysxgsj": "",
        "cfysxgsj": "",
        "sjysxgsj": "",
        "录入日期": "2020-05-15 10:47:17",
        "最后修改日期": "2020-05-15 10:47:17",
        "内容": {
            "患者信息": "姓名: 性别:女 年龄:32 入院日期:2020.05.15 9:58\n病区名称:乳腺外科一 床号:+88 住院号:z8861\n告知内容: 术中快速冷冻切片病理检查是将手术中切取送检的病变组织，速冻后制成切片在显微镜下进行组织学观察。其目的是初步确定病变性质或确定手术切缘等情况，为临床医生确定术中治疗方案提供参考意见。但由于冷冻制片取材局限，时间短，同时在冷冻切片时因低温冷冻，使组织和细胞变异性较大，致使冷冻切片诊断的准确性受到限制。因此，现将有关事项告知如下:\n1、单件标本冷冻切片诊断需要在30分钟内完成，复件标本依此类推。\n2、对于部分难以作出明确诊断的病例，允许延迟诊断，或等待石蜡切片报告。\n3、由于取材的局限性，有时冷冻切片结果可能与最后常规石蜡切片报告不一致。\n4、冷冻切片快速病理检查仅作为临床手术治疗的参考，不能作为最终病理诊断。最后的病理诊断需要根据石蜡切片作出。以上情况提请患者和家属仔细阅读并理解后再签字，并有权选择是否做手术中冷冻切片检查。患者和（或）家属阅读并理解后拒绝签字者，病理医生可以拒绝为患者作术中快速冷冻切片病理检查。",
            "注意事项": "主管医师已向我详细交待了术中快速冷冻切片病理检查的重要性及其注意事项，并且我已仔细阅读上述条款并准确理解其中含义，同意接受术中冷冻切片快速病理检查。如术中冷冻切片快速病理检查结果同最后常规病理结果不一致，导致治疗方案及治疗结果变化，承诺不以此为由追究病理医生和医院的责任。并以签字为证。"
        }
    },
    {
        "文书名": "乳腺中心术前讨论记录",
        "时间": "2020-05-15 14:04:00",
        "jlysxgsj": "",
        "cfysxgsj": "",
        "sjysxgsj": "2020-05-15 14:06:10",
        "录入日期": "2020-05-15 14:06:13",
        "最后修改日期": "2020-05-15 15:40:12",
        "内容": {
            "讨论日期": "2020-05-15 14:04",
            "参加讨论者": "TM员工名称TM，主任医师；TM员工名称TM，主治医师；TM员工名称TM，住院医师；TM员工名称TM，住院医师。",
            "病史回顾": "患者3个月前体检发现右乳肿物，大小约2cm，无乳房疼痛，无乳头溢液，无乳房局部皮肤破溃红肿，皮肤无变薄，皮下未见扩张静脉，乳头皮肤无湿疹样改变。近期来我院门诊就诊，2020-05-15乳腺超声提示:右侧乳腺可见多个低回声，之一位于约10点钟方向，大小约22×9mm， 拟US-BI-RADS 3类，首先考虑囊肿伴囊内透声差。现患者为求进一步诊治，门诊拟“右乳肿物”收治入院。\n自起病以来，患者神清，精神可，食欲胃纳佳，二便正常，夜眠可，体重无明显变化。\n查体:双乳对称，双侧乳头位于同一水平面，乳头无内陷及歪斜，挤压无溢液。未见乳房皮肤红肿、橘皮征、酒窝征，未见乳头湿疹样改变。右乳外上可扪及一直径约2 cm，质韧，活动度好，边界清，无皮粘，对侧乳腺未及明确肿块。双侧腋窝及双侧锁骨上未扪及明显肿大淋巴结。",
            "手术指征": "1.患者右乳肿物良性可能大，具有手术切除指征。\n2.充分告知患者手术的必要性及其风险，患者表示理解，并同意手术。\n3.患者已完善相关检查，未见明显手术禁忌。",
            "手术方案": "右乳肿物麦默通旋切术。是否需要分期手术:否",
            "术前准备情况": "一般情况可，生命体征平稳，心肺无殊，体温正常，手术禁忌症已排除，适应症明确。",
            "可能出现的意外及防范措施": "1、出血:术中严密止血。2、感染:严格无菌操作。3、损伤周围神经及软组织:小心操作。",
            "具体讨论意见": "TM员工名称TM 住院医师意见:患者右乳肿物良性可能大，具备手术切除指征。\nTM员工名称TM 主治医师意见:患者右乳肿物首先考虑良性，结合相关影像学检查，可行右乳肿物麦默通旋切术。\nTM员工名称TM 主任医师意见:同意行右乳肿物麦默通旋切术。",
            "主持人小结意见": "同意 行右乳肿物麦默通旋切术。"
        }
    },
    {
        "文书名": "乳腺中心术前小结",
        "时间": "2020-05-15 14:30:00",
        "jlysxgsj": "",
        "cfysxgsj": "",
        "sjysxgsj": "2020-05-15 14:06:54",
        "录入日期": "2020-05-15 14:06:59",
        "最后修改日期": "2020-05-15 15:39:57",
        "内容": {
            "病史回顾": "患者3个月前体检发现右乳肿物，大小约2cm，无乳房疼痛，无乳头溢液，无乳房局部皮肤破溃红肿，皮肤无变薄，皮下未见扩张静脉，乳头皮肤无湿疹样改变。近期来我院门诊就诊，2020-05-15乳腺超声提示:右侧乳腺可见多个低回声，之一位于约10点钟方向，大小约22×9mm， 拟US-BI-RADS 3类，首先考虑囊肿伴囊内透声差。现患者为求进一步诊治，门诊拟“右乳肿物”收治入院。\n自起病以来，患者神清，精神可，食欲胃纳佳，二便正常，夜眠可，体重无明显变化。\n查体:双乳对称，双侧乳头位于同一水平面，乳头无内陷及歪斜，挤压无溢液。未见乳房皮肤红肿、橘皮征、酒窝征，未见乳头湿疹样改变。右乳外上可扪及一直径约2 cm，质韧，活动度好，边界清，无皮粘，对侧乳腺未及明确肿块。双侧腋窝及双侧锁骨上未扪及明显肿大淋巴结。 主刀医生TM员工名称TM住院医师 术前查看患者情况: 一般情况可，生命体征平稳，心肺无殊，体温正常，手术禁忌症已排除，适应症明确。",
            "术前诊断": "乳房肿物(右乳)",
            "手术指征": "1.患者右乳肿物良性可能大，具有手术切除指征。\n2.充分告知患者手术的必要性及其风险，患者表示理解，并同意手术。\n3.患者已完善相关检查，未见明显手术禁忌。",
            "拟施手术名称": "右乳肿物麦默通旋切术。",
            "拟施手术方式": "右乳肿物麦默通旋切术。",
            "拟施麻醉方式": "全麻",
            "注意事项": "1、出血:术中严密止血。2、感染:严格无菌操作。3、损伤周围神经及软组织:小心操作。"
        }
    },
    {
        "文书名": "手术记录单(试用)",
        "时间": "2020-05-15 15:10:00",
        "jlysxgsj": "",
        "cfysxgsj": "",
        "sjysxgsj": "2020-05-15 15:09:54",
        "录入日期": "2020-05-15 15:09:55",
        "最后修改日期": "2020-05-15 15:40:51",
        "内容": {
            "手术日期": "2020-05-15 15:08\n术前诊断: 乳房肿物(右乳)\n术中诊断: 乳腺良性肿瘤(右乳，等石蜡)\n手术名称: 乳房病损微创旋切术(右乳)；\n手术者及助手姓名: TM员工名称TM，TM员工名称TM\n麻醉方式: 全麻。\n手术经过: 患者仰卧位，双侧上肢外展，麻醉成功后常规消毒铺巾，取右 乳乳头乳晕区 距乳头1 cm处为穿刺口，在超声引导下，将穿刺枪由穿刺口置入右 乳肿块下方，术中见肿块约2.2 cm大小，囊性，退出针芯，将肿块负压吸入凹槽，进旋切刀进行旋切至超声下肿块完全消失。标本送石蜡病理。拔除穿刺针，加压包扎。\n术中出现的情况及处理: 手术顺利"
        }
    },
    {
        "文书名": "在院评估单",
        "时间": "2020-05-15 15:33:00",
        "jlysxgsj": "",
        "cfysxgsj": "",
        "sjysxgsj": "",
        "录入日期": "2020-05-15 15:34:25",
        "最后修改日期": "2020-05-15 15:34:25",
        "内容": {
            "基础评估": "1.生活自理能力评估: Barthel指数总分60分。2.活动能力评估: 步态因卧床无法评估 ；活动状态:卧床 ，能自行翻身 ，移动患者时，摩擦力和剪切力无明显问题（可独立在床上或椅子上移动，移动时有足够的肌力将身体抬高，坐在椅子或床上随时都可以维持良好的体位） 。 3.意识状况评估:神志: 清醒 ，感知觉未受损（对指令有反应，能准确表达疼痛和不适） 。 4.粘膜与皮肤状况评估:颜色: 正常 ；温度: 正常 ；湿度: 正常（皮肤经常保持干燥，只需常规更换床单） ；皮肤完整性: 不完整 ，皮肤不完整原因切口 ，切口部位 胸部 。 无 水肿 ；无 静脉炎 ；无 瘙痒；无 麻木；无 灼烧感 。5.疼痛: 有 疼痛，切口疼痛，呈间隙性疼痛，轻度（注意时，有觉察） ，疼痛评分1分 。 6.排泄: 无 失禁 。 7.意外事件评估: 未发生意外事件。\n营养状况评估:良好(饮食摄入和平时一样，每餐有蛋白质摄入) ，无营养支持。\n危重症程度评估: 无 严重器官系统功能不全。 无 免疫损害。 格拉斯评分: 15分 。 危重症评分: 0分 。\n高危因素的筛查\n该病人目前不存在跌倒风险\n该病人目前不存在压疮风险。\n分级护理级别: 该病人分级护理建议为一级护理。",
            "置管状态": "无置管。\n【医学元素\\签名\\护士签名2-护理评估】\n【医学元素\\签名\\护士签名3-护理评估】"
        }
    },
    {
        "文书名": "乳腺中心术后首次病程记录",
        "时间": "2020-05-15 16:10:00",
        "jlysxgsj": "",
        "cfysxgsj": "",
        "sjysxgsj": "2020-05-15 15:41:11",
        "录入日期": "2020-05-15 14:07:34",
        "最后修改日期": "2020-05-15 15:41:14",
        "内容": {
            "手术时间": "2020-05-15 14:30",
            "术中诊断": "乳腺良性肿瘤(右乳，待石蜡)",
            "麻醉方式": "全麻",
            "手术方式": "右乳肿物麦默通旋切术。",
            "手术简要经过": "患者仰卧位，双侧上肢外展，麻醉成功后常规消毒铺巾，取右 乳乳头乳晕区 距乳头1 cm处为穿刺口，在超声引导下，将穿刺枪由穿刺口置入右 乳肿块下方，术中见肿块约2.2 cm大小，囊性，退出针芯，将肿块负压吸入凹槽，进旋切刀进行旋切至超声下肿块完全消失。标本送石蜡病理。拔除穿刺针，加压包扎。",
            "术后处理措施": "术后胸带加压包扎伤口，常规补液支持。",
            "术后应当特别注意观察的事项": "密切监测生命体征，注意伤口有无活动性渗血。"
        }
    },
    {
        "文书名": "乳腺中心术后当日记录",
        "时间": "2020-05-15 18:10:00",
        "jlysxgsj": "",
        "cfysxgsj": "",
        "sjysxgsj": "2020-05-15 14:08:22",
        "录入日期": "2020-05-15 14:08:25",
        "最后修改日期": "2020-05-15 15:41:21",
        "内容": {
            "观察记录": "患者今日在全麻下行右乳肿物麦默通旋切术 ，术顺安返。\n术后1h记录:目前患者清醒，无不适主诉，生命体征平稳，血压110/60 mmHg，心率76 次/分，伤口干燥无渗出。\n术后2h记录:患者无不适主诉，生命体征平稳，血压118/68 mmHg，心率76 次/分，伤口干燥无渗出。\n术后3h记录:患者无不适主诉，生命体征平稳，血压120/70 mmHg，心率72 次/分，伤口干燥无渗出。"
        }
    },
    {
        "文书名": "乳腺中心术后第一日记录",
        "时间": "2020-05-16 08:00:00",
        "jlysxgsj": "",
        "cfysxgsj": "",
        "sjysxgsj": "2020-05-15 14:09:03",
        "录入日期": "2020-05-15 14:09:05",
        "最后修改日期": "2020-05-15 15:41:25",
        "内容": {
            "观察记录": "TM员工名称TM 主任医师查房\n主诉:患者无特殊不适主诉。\n体检:患者神清，精神可，一般情况可，晨起体温36.6 ℃，心率76 次/分，律齐，腹软，无压痛。揭开敷料见右 侧手术切口对合良好，干燥无渗出，无切口红肿。\n处理:\n1.予换药一次，伤口继续加压包扎，密切关注患者伤口愈合情况。\n2.目前患者术后生命体征稳定，一般情况良好，同意予以今日出院。手术后10个工作日来院询问石蜡病理报告，并带至主诊 医生门诊就诊，拟定进一步诊疗或随访方案。"
        }
    },
    {
        "文书名": "24小时内入出院记录",
        "时间": "2020-05-16 10:00:00",
        "jlysxgsj": "2020-05-15 14:04:02",
        "cfysxgsj": "",
        "sjysxgsj": "2020-05-15 14:04:02",
        "录入日期": "2020-05-15 14:04:20",
        "最后修改日期": "2020-05-15 15:42:35",
        "内容": {
            "姓名": " 性别: 女 年龄: 32岁 职业: 职员 入院时间: 2020年05月15日 09时58分 出院时间: 2020年05月16日 09时50分",
            "主诉": "体检发现右乳肿物3月余。",
            "入院情况": "患者3个月前体检发现右乳肿物，大小约2cm，无乳房疼痛，无乳头溢液，无乳房局部皮肤破溃红肿，皮肤无变薄，皮下未见扩张静脉，乳头皮肤无湿疹样改变。近期来我院门诊就诊，2020-05-15乳腺超声提示:右侧乳腺可见多个低回声，之一位于约10点钟方向，大小约22×9mm， 拟US-BI-RADS 3类，首先考虑囊肿伴囊内透声差。现患者为求进一步诊治，门诊拟“右乳肿物”收治入院。\n自起病以来，患者神清，精神可，食欲胃纳佳，二便正常，夜眠可，体重无明显变化。\n查体:双乳对称，双侧乳头位于同一水平面，乳头无内陷及歪斜，挤压无溢液。未见乳房皮肤红肿、橘皮征、酒窝征，未见乳头湿疹样改变。右乳外上可扪及一直径约2 cm，质韧，活动度好，边界清，无皮粘，对侧乳腺未及明确肿块。双侧腋窝及双侧锁骨上未扪及明显肿大淋巴结。",
            "入院诊断": "乳房肿物(右乳)",
            "诊疗经过": "患者入院后完善相关检查，排除手术禁忌后，于2020-05-15全麻下右乳肿物麦默通旋切术。术后石蜡病理未回。现患者一般情况良好，伤口愈合I/甲，经上级医师查房同意后，予今日出院。",
            "出院情况": "神清,精神可,一般情况良好。伤口愈合I/甲。",
            "出院诊断": "乳腺良性肿瘤(右乳，待石蜡)",
            "出院医嘱": "1.10个工作日后来院询问石蜡病理报告，并带至主诊医师门诊就诊，拟定进一步诊疗或随访方案\n2. 术后胸带加压包扎切口7 天；之后可佩戴文胸；保持伤口清洁干燥，2周内避免洗澡；术后10天内每3天来院换药一次，换药门诊时间:每周一～周五9:00-11:00 在门诊大楼3楼乳腺中心。\n3.保持伤口清洁干燥，如有发热，切口局部红肿、疼痛、化脓等不适，及时来院就诊。\n4.患者术后康复评估见专页。\n5.患者住院期间心电图提示T波轻度改变，建议心内科随访。"
        }
    }
]