[
    {
        "文书名": "新入院评估单",
        "时间": "2020-04-25 14:46:00",
        "jlysxgsj": "",
        "cfysxgsj": "",
        "sjysxgsj": "",
        "录入日期": "2020-04-25 14:49:05",
        "最后修改日期": "2020-04-25 14:49:06",
        "内容": {
            "一、基本信息": "姓名:测试病人4538 性别:女 年龄:48 国籍:中国 民族:汉族 职业:在职 文化程度:大专 婚姻状况:已婚 入科室时间:2020年4月25日14时28分 入院形式:门诊 入院方式:步行 药物过敏史: 无 药物过敏史\n特殊既往史: 有 特殊既往史，为 胆囊切除术、甲状腺结节 、射波刀 既往不安全事件发生史: 无 既往不安全事件发生史\n特殊药物服用史: 无 特殊药物服用史 病人对疾病的认知: 认识 病人对医疗服务的经济忧患: 无\n宗教信仰:无宗教信仰",
            "二、生活习惯与自理能力评估": "体貌: 正常 睡眠: 正常\n运动: 无\n嗜好: 无 自理能力: Barthel指数总分100分。\n步态: 稳定 活动状态: 活动自如",
            "三、生理状况评估": "体温 36.8 ℃，脉搏 80 次/分，呼吸 20 次/分，血压 123 /72 mmHg\n意识及感知觉状况评估: 清醒 ，感知觉未受损（对指令有反应，能准确表达疼痛和不适）\n语言表达: 清楚 ，对答切题\n视力: 近视\n听力: 正常",
            "四、营养状况评估": "测量身高156cm，体重48kg，BMI19.72Kg/m2\n近期无体重下降，\n饮食:普食 ；一周内无 进食量减少",
            "五、粘膜与皮肤状况评估": "颜色: 正常 温度: 正常\n湿度: 正常（皮肤经常保持干燥，只需常规更换床单） 皮肤完整性: 完整\n水肿: 无 静脉炎: 无",
            "六、呼吸系统评估": "呼吸方式: 自主呼吸\n呼吸节律: 规则 ，无 呼吸困难 咳嗽: 无 咳嗽",
            "七、循环系统评估": "脉搏: 规则 ，无 起搏器 特殊症状: 无",
            "八、消化与泌尿系统评估": "消化道症状: 无 恶心；无 嗳气；无 反酸；无 烧灼感； 无 呕吐； 无 腹胀； 无 腹水\n粪便:成形 ；1次/1天； 排尿: 正常 ，颜色为正常",
            "九、疼痛与心理健康状况评估": "疼痛: 无 疼痛 思维状况: 无异常\n心理状态: 无异常",
            "十、置管状况评估": "无置管。",
            "十一、特殊评估": "无",
            "十二、告知事项": "责任医生和责任护士的姓名。\n病室环境及病室制度(查房,用膳,探视,作息时间）。\n病人权利和义务。\n请勿擅自解除腕带。\n请正确使用呼叫设施。\n请勿跨越床栏下床。\n请勿随意调节医疗设备。\n请勿私自使用取暖设施，禁止使用电器设备。\n请采取防止跌倒预防措施。\n未获医生准假前，请勿擅自离院。\n在医院内禁止吸烟。\n为保障饮食安全，请勿在住院期间食用外卖食物。",
            "十三、高危人群筛查": "该病人入院时不存在营养风险\n该病人入院时不属于防范跌倒高危人群\n该病人入院时不属于防范压疮高危人群\n该病人分级护理建议为三级护理。\n【医学元素\\签名\\护士签名2-入院评估单】\n【医学元素\\签名\\护士签名3-入院评估单】"
        }
    },
    {
        "文书名": "入院告知书",
        "时间": "2020-04-25 17:16:00",
        "jlysxgsj": "",
        "cfysxgsj": "",
        "sjysxgsj": "",
        "录入日期": "2020-04-25 17:16:09",
        "最后修改日期": "2020-04-25 17:16:09",
        "内容": {
            "患者信息": "姓名:测试病人4538 性别:女 年龄:48 入院日期:2020.04.25 14:28\n病区名称:乳腺外科一 床号:GC8 住院号:zyh0426\n为了保障患者在我院住院期间享受充分的知情同意权。医务人员将向您告知您的病情，医疗措施，医疗风险等情况，解答您对疾病的咨询。未经患者本人充分知情和签名同意，医务人员将不得进行手术等重大医疗行为。但由于患者各人心理和承受能力不同，以及疾病发展具有不可预测性，为了有利于治疗，请您现授权委托一位您充分信任的代理人，代为行使患者的知情同意权。遵照我国现行相关法律法规的规定，当患者对事物具有一定理解力和判断力的情况下，手术决定权和签字权属于患者本人。但当患者是限制行为能力或无行为能力，可以按照如下规定顺序:配偶—父母—成年子女—其他亲属—经基层组织或法院裁定的其他亲朋，委托其代为行使签字权。但患者具有完全民事行为能力时，也可以委托亲属或单位行使知情同意权，但必须有患者本人和委托代理人共同签署的“授权委托书”留作证明。在紧急情况下，如果近亲属不在场，无法及时签字，可由医疗机构负责人或授权的负责人签字或医院委托他人（单位）签字。我院将根据您签名出具的“授权委托书”，视代理人的代理行为为您本人真实意思的表示。\n为了让医生给您制定最佳的治疗方案，请您务必客观、真实地向医生提供您的病史资料及相关情况；如您对住院期间的治疗过程有异议的，可向您的经治医师、主管科室主任提出，也可向医院医务处/护理部反映，联系电话:665823/665822分机，我院将本着客观、公正的原则尽力予以协调解决；如对医院的处理意见不满意，您也可以通过医疗事故鉴定或法院诉讼予以解决。您在我院如产生医疗争议，由我院所在地人民法院管辖。特此告知。\n上述告知书内容本人已充分理解，患者手写:＿＿＿＿＿＿＿＿＿＿＿＿＿\n本人决定选择以下方式（不选择处划掉）:\n1、向贵院出具“授权委托书”指定代理人；\n2、本人决定不委托代理人，如本人病情出现紧急情况，授权经治医师决定治疗方案，如有医疗风险和不良后果，由本人自行负责。"
        }
    },
    {
        "文书名": "乳腺科自费用药、医用消耗品知情同意书",
        "时间": "2020-04-25 17:16:00",
        "jlysxgsj": "",
        "cfysxgsj": "",
        "sjysxgsj": "",
        "录入日期": "2020-04-25 17:16:23",
        "最后修改日期": "2020-04-25 17:16:23",
        "内容": {
            "患者信息": "姓名:测试病人4538 性别:女 年龄:48 入院日期:2020.04.25 14:28\n病区名称:乳腺外科一 床号:GC8 住院号:zyh0426\n经医疗组医生讨论，由于病情需要，建议必要时使用下列自费药品、医用消耗品:\n药品（耗材）名称:\n手术中根据病情需要，使用电刀、进口缝线、皮钉、麦默通旋切穿刺针（乳房肿物麦默通旋切术）、钛夹（乳腺癌保乳根治术）、乳房假体（乳房重建术）\n规格（ 剂量）:\n用法:\n使用天数:\n按上海市人力资源和社会保障局规定，上述药品、医疗消耗品不属本市医保报销范围，须由病人自费支付。特此告知。"
        }
    },
    {
        "文书名": "冷冻切片病理检查知情同意书",
        "时间": "2020-04-25 17:16:00",
        "jlysxgsj": "",
        "cfysxgsj": "",
        "sjysxgsj": "",
        "录入日期": "2020-04-25 17:16:16",
        "最后修改日期": "2020-04-25 17:16:17",
        "内容": {
            "患者信息": "姓名:测试病人4538 性别:女 年龄:48 入院日期:2020.04.25 14:28\n病区名称:乳腺外科一 床号:GC8 住院号:zyh0426\n告知内容: 术中快速冷冻切片病理检查是将手术中切取送检的病变组织，速冻后制成切片在显微镜下进行组织学观察。其目的是初步确定病变性质或确定手术切缘等情况，为临床医生确定术中治疗方案提供参考意见。但由于冷冻制片取材局限，时间短，同时在冷冻切片时因低温冷冻，使组织和细胞变异性较大，致使冷冻切片诊断的准确性受到限制。因此，现将有关事项告知如下:\n1、单件标本冷冻切片诊断需要在30分钟内完成，复件标本依此类推。\n2、对于部分难以作出明确诊断的病例，允许延迟诊断，或等待石蜡切片报告。\n3、由于取材的局限性，有时冷冻切片结果可能与最后常规石蜡切片报告不一致。\n4、冷冻切片快速病理检查仅作为临床手术治疗的参考，不能作为最终病理诊断。最后的病理诊断需要根据石蜡切片作出。以上情况提请患者和家属仔细阅读并理解后再签字，并有权选择是否做手术中冷冻切片检查。患者和（或）家属阅读并理解后拒绝签字者，病理医生可以拒绝为患者作术中快速冷冻切片病理检查。",
            "注意事项": "主管医师已向我详细交待了术中快速冷冻切片病理检查的重要性及其注意事项，并且我已仔细阅读上述条款并准确理解其中含义，同意接受术中冷冻切片快速病理检查。如术中冷冻切片快速病理检查结果同最后常规病理结果不一致，导致治疗方案及治疗结果变化，承诺不以此为由追究病理医生和医院的责任。并以签字为证。"
        }
    },
    {
        "文书名": "乙型肝炎项目检测知情同意书",
        "时间": "2020-04-25 17:16:00",
        "jlysxgsj": "",
        "cfysxgsj": "",
        "sjysxgsj": "",
        "录入日期": "2020-04-25 17:16:37",
        "最后修改日期": "2020-04-25 17:16:37",
        "内容": {
            "患者信息": "姓名 测试病人4538 性别 女 年龄 48\n入院日期 2020.04.25 14:28 病区床位 2238 住院号 z823817 临床诊断:",
            "既往史": "1 手术史: 有□ 无□ 2 外伤史: 有□ 无□ 3 输血史: 有□ 无□ 4肝炎史: 有□ 无□\n医院根据《卫生部办公厅关于加强乙肝项目检测管理工作的通知》(卫办医政发[2010]38号) 文件精神，严格执行《通知》的相关规定，加强乙肝项目检测管理工作，保护患者或被检者的隐私权，院方必须征得您知情同意的情况下方能实施抽血检测。现告知如下:\n一、根据临床资料，院方为 □明确诊断 □治疗需要 □输血治疗前监测 □其他: _____ 需要对您进行乙肝项目检测，院方须在征得您同意之后为您进行相关检查，并加强对有关检测结果报告单的管理，保护您的隐私。\n患者或委托人意见:院方已告知我需要进行乙肝项目检测的目的。\n本人/委托人 □ 同意 □ 不同意\n如您选择不同意进行检测，则由此带来的影响诊治效果或引起不良后果的责任有患方承担。院方已告知我不接受乙肝项目检测的不良后果，本人/委托人仍选择不进行乙肝项目检测。\n本人/委托人签名: 签署日期:\n二、被检者自愿要求院方给予作乙肝肝炎项目检测。\n本人自愿要求给予作乙肝肝炎项目检测。（签名见页脚）"
        }
    },
    {
        "文书名": "乳腺中心首次病程记录",
        "时间": "2020-04-25 17:37:00",
        "jlysxgsj": "",
        "cfysxgsj": "",
        "sjysxgsj": "2020-04-26 12:54:51",
        "录入日期": "2020-04-25 22:41:29",
        "最后修改日期": "2020-04-26 13:01:33",
        "内容": {
            "病例特点": "主诉:体检发现双乳肿物2周余。\n现病史: 患者2周前体检发现双乳肿物，左侧可及，大小约1 cm。活动度欠佳，无压痛，无乳房局部皮肤破溃红肿，皮肤无变薄，皮下未见扩张静脉，乳头皮肤无湿疹样改变。无乳头溢液。遂至华山医院就诊，2020-04-22查乳腺B超示 双乳乳腺病；左乳外上见7*8mm低回声区，BI-RADS 4B类；右乳内见散在数枚低回声区，其中有乳晕区见1枚4*4mm低回声区，BI-RADS 3类。双侧腋下未见明显异常肿大淋巴结。遂至我院就诊，2020-04-24我院行乳腺超声示 左侧乳腺可见一低回声，位于约2点钟方向近腺体边缘，大小约7.2×9.6mm，拟US-BI-RADS 4C类； 右侧乳腺约9-10点钟乳头外上方可见一腺体结构紊乱区，范围约14.9×9.1mm，拟US-BI-RADS 3-4A类，乳腺病不能完全排除；右侧乳腺可见几个低回声，之一位于约8点钟方向，大小约6.9×4.3mm，拟US-BI-RADS 3类；双侧腋窝未见明显异常肿大淋巴结。本次为行进一步诊治，门诊拟“双乳肿物，左乳癌疑”收治入院。\n自发病以来，患者神清，精神可，睡眠胃纳可，二便正常，体重无明显增减。\n查体:双乳对称；双乳皮肤无红肿、破溃、凹陷、橘皮样变；双侧乳头等高、无凹陷、无歪斜，无乳头湿疹样改变， 未见陈旧手术疤痕。无溢液。双侧乳腺未及明确肿块。双侧腋窝及双侧锁骨上不可扪及异常肿大淋巴结。\n辅检: 2020-04-22 华山医院 乳腺B超:双乳乳腺病；左乳外上见7*8mm低回声区，BI-RADS 4B类；右乳内见散在数枚低回声区，其中有乳晕区见1枚4*4mm低回声区，BI-RADS 3类。双侧腋下未见明显异常肿大淋巴结。\n2020-04-24 我院 乳腺B超:左侧乳腺可见一低回声，位于约2点钟方向近腺体边缘，大小约7.2×9.6mm，拟US-BI-RADS 4C类； 右侧乳腺约9-10点钟乳头外上方可见一腺体结构紊乱区，范围约14.9×9.1mm，拟US-BI-RADS 3-4A类，乳腺病不能完全排除；右侧乳腺可见几个低回声，之一位于约8点钟方向，大小约6.9×4.3mm，拟US-BI-RADS 3类；双侧腋窝未见明显异常肿大淋巴结。",
            "初步诊断": "乳房肿物(双乳，左乳癌疑)",
            "诊断依据": "1、患者女，48岁\n2、主诉:体检发现双乳肿物2周余。\n3、查体: 双乳对称；双乳皮肤无红肿、破溃、凹陷、橘皮样变；双侧乳头等高、无凹陷、无歪斜，无乳头湿疹样改变， 未见陈旧手术疤痕。无溢液。双侧乳腺未及明确肿块。双侧腋窝及双侧锁骨上不可扪及异常肿大淋巴结。\n4、辅检: 2020-04-22 华山医院 乳腺B超:双乳乳腺病；左乳外上见7*8mm低回声区，BI-RADS 4B类；右乳内见散在数枚低回声区，其中有乳晕区见1枚4*4mm低回声区，BI-RADS 3类。双侧腋下未见明显异常肿大淋巴结。\n2020-04 -24 我院 乳腺B超:左侧乳腺可见一低回声，位于约2点钟方向近腺体边缘，大小约7.2×9.6mm，拟US-BI-RADS 4C类； 右侧乳腺约9-10点钟乳头外上方可见一腺体结构紊乱区，范围约14.9×9.1mm，拟US-BI-RADS 3-4A类，乳腺病不能完全排除；右侧乳腺可见几个低回声，之一位于约8点钟方向，大小约6.9×4.3mm，拟US-BI-RADS 3类；双侧腋窝未见明显异常肿大淋巴结。",
            "鉴别诊断": "1.导管内乳头状瘤:多见于40-50岁左右妇女，自发性的乳头溢液是乳腺导管内乳头状瘤最常见和最主要的临床症状，主要表现为一侧乳腺病变所在导管的单管溢液，有时可在乳晕区触及一直径1cm左右光滑肿块，乳管镜可见溢液乳管内导管上皮及管腔内红色、黄色或红黄相间的充实性肿瘤。溢液涂片也可辅助诊断。该患者临床表现、查体、辅助检查均与之不符，故暂不考虑该诊断。\n2.乳腺脂肪坏死:多见于中老年，有乳腺外伤史，乳腺包块长时间无变化或缩小。乳腺包块质硬，边界不清，活动差，可有皮肤红肿或与皮肤粘连。针吸或切除活检有助于鉴别。该患者为中年女性，其临床体检未及明确肿物，辅检示双乳肿物，左乳癌疑，均与该诊断不符，暂不考虑该诊断。",
            "诊疗计划": "1.完善术前检查，如血尿常规，肝肾功能电解质，心电图等排除手术禁忌\n2.予以行双乳及其引流区域淋巴结B超明确肿块性质并对其定位，了解有无扩张导管、导管内病变；行双乳MRI排除多灶性乳腺癌，并了解对侧乳房有无可疑病灶。\n3.怀疑该患者为恶性。行胸部CT排除手术禁忌症及肺部转移可能；腹部B超排除腹部脏器转移可能。\n4.根据检查结果制定下一步治疗方案。"
        }
    },
    {
        "文书名": "乳腺中心入院记录",
        "时间": "2020-04-25 22:41:00",
        "jlysxgsj": "2020-04-26 10:02:35",
        "cfysxgsj": "",
        "sjysxgsj": "2020-04-26 10:02:35",
        "录入日期": "2020-04-25 22:50:49",
        "最后修改日期": "2020-04-28 09:25:11",
        "内容": {
            "患者一般情况": "姓名: 测试病人4538 性别: 女 年龄: 48岁 民族: 汉族 婚姻: 已婚 出生地: 上海市 职业: 职员 入院日期: 2020年04月25日 14时28分 病史陈述者: 患者本人",
            "主诉": "体检发现双乳肿物2周余。",
            "现病史": "患者2周前体检发现双乳肿物，左侧可及，大小约1 cm。活动度欠佳，无压痛，无乳房局部皮肤破溃红肿，皮肤无变薄，皮下未见扩张静脉，乳头皮肤无湿疹样改变。无乳头溢液。遂至华山医院就诊，2020-04-22查乳腺B超示 双乳乳腺病；左乳外上见7*8mm低回声区，BI-RADS 4B类；右乳内见散在数枚低回声区，其中有乳晕区见1枚4*4mm低回声区，BI-RADS 3类。双侧腋下未见明显异常肿大淋巴结。遂至我院就诊，2020-04-24我院行乳腺超声示 左侧乳腺可见一低回声，位于约2点钟方向近腺体边缘，大小约7.2×9.6mm，拟US-BI-RADS 4C类； 右侧乳腺约9-10点钟乳头外上方可见一腺体结构紊乱区，范围约14.9×9.1mm，拟US-BI-RADS 3-4A类，乳腺病不能完全排除；右侧乳腺可见几个低回声，之一位于约8点钟方向，大小约6.9×4.3mm，拟US-BI-RADS 3类；双侧腋窝未见明显异常肿大淋巴结。本次为行进一步诊治，门诊拟“双乳肿物，左乳癌疑”收治入院。\n自发病以来，患者神清，精神可，睡眠胃纳可，二便正常，体重无明显增减。",
            "既往史": "一般健康状况: 身体健康 。 疾病史: 否认高血压、糖尿病、冠心病、COPD等慢性疾病史 传染病史: 否认 传染性疾病史。 预防接种史: 按计划免疫接种。 手术外伤史: 承认 手术史，2016年行LC，2019年行脑膜瘤射波刀术，否认外伤史。 输血史: 否认 输血史。 食物过敏史: 否认 食物过敏史。 药物过敏史: 否认 药物过敏史 。",
            "个人史": "出生并长期生活于上海。否认疫区疫源接触史，无烟酒等不良嗜好。",
            "婚育史": "已婚 ，24岁结婚，1-0-1-1，有母乳喂养，母乳喂养共10月，否认哺乳期乳腺炎病史。",
            "月经史": "初潮14 岁，月经周期5-6/25天，未 绝经 ，末次月经时间2020年4月17日 ，既往月经规律。否认 避孕药、雌激素类药物使用史。",
            "家族史": "否认 乳腺癌家族史；否认其他家族遗传病史。",
            "体格检查": "体温:36.8℃ 脉搏:80次/分 呼吸:20次/分 血压:123/72mmHg 一般情况: 神志清晰，精神良好，发育正常，营养良好，步入病房，自主体位，查体合作，对答切题。 皮肤粘膜: 无黄染、无瘀点瘀斑、无破溃红肿、无贫血貌。 全身浅表淋巴结: 不可及 肿大淋巴结。 头部及其器官: 头颅无畸形、肿物、压痛，头发疏密、色泽、分布均正常，无疖、癣、疤痕。\n眼:结膜无充血、水肿，巩膜无黄染，双侧瞳孔等大等圆，直径2.5mm，对光反应灵敏。\n耳:耳廓无畸形，外耳道通畅，无异常分泌物，乳突无压痛，听力正常。\n鼻:无畸形，鼻中隔无偏曲、无穿孔，无鼻甲肥大或阻塞，无鼻腔异常分泌物，副鼻窦无压痛，嗅觉正常。\n口唇:唇红，无苍白、紫绀，无口腔疱疹、溃疡；伸舌居中；牙齿正常，齿龈无出血或肿胀；无咽充血，双侧扁桃体无肿大，腭垂居中。 颈部: 颈部，无抵抗、强直，活动无受限。气管居中。甲状腺未及无肿大或结节。颈部血管未及异常搏动及杂音，颈静脉无怒张。 胸部(胸廓、肺部、心脏、血管): 胸廓外观对称，无畸形，肋间隙正常，无桶状胸、鸡胸、漏斗胸，胸廓皮肤无瘀点瘀斑、无黄染苍白、无破溃红肿等异常。\n肺脏:\n视诊:两肺呼吸对称，以胸式呼吸为主，20 次/分，节律正常，未见“三凹征”。\n触诊:两肺呼吸动度对称，触觉语颤对称，未及胸膜摩擦感。\n叩诊:两肺叩诊清音，肺下界于锁骨中线第6肋间、腋中线第8肋间、肩胛下角线第10肋间，肺下界呼吸动度正常。\n听诊:两肺呼吸音清，未闻及干湿罗音、哮鸣音，语音传导无异常，未闻及胸膜摩擦音。\n心脏:\n视诊:心前区无异常隆起，心尖搏动位于第5肋间左锁骨中线内侧约0.5cm。\n触诊:心间搏动位于第5肋间左锁骨中线内侧0.5cm，搏动范围约1.0cm，未触及抬举样心间搏动及心包摩擦感。\n叩诊:心脏相对浊音界如下:\n右（cm） 肋间 左（cm）\n1 II 2\n2 III 3\n2.5 IV 5\nV 7\n左锁骨中线距离正中线7.5cm。\n听诊:心率80 次/分，律齐，心音正常，各瓣膜听诊区未闻及病理性杂音，未闻及额外心音。\n血管:桡动脉搏动频率80 次/分，节律整齐，无奇脉。股动脉及肱动脉无枪击音。无毛细血管搏动征，无水冲脉，无动脉异常搏动，Duroziez氏征阴性。 腹部(肝、脾等): 视诊:腹部略膨隆，未见明显胃肠型，无胃肠蠕动波，无皮疹、脐疝、静脉曲张。可见 腹部陈旧手术疤痕。\n听诊:肠鸣音正常，无亢进，4次/分，无气过水声，无血管杂音。\n叩诊:全腹叩诊大部分鼓音，无移动性浊音，无肝区、肾区叩痛。\n触诊:全腹软，无压痛、反跳痛，无肌卫，未扪及明显包块，肝脾肋下未及，胆囊未触及，Murphy征阴性，输尿管压痛点无压痛。 直肠肛门: 未查。 外生殖器: 未查。 脊柱: 脊柱生理曲度存在，无畸形、强直、叩压痛，运动度无受限、两侧肌肉无紧张、压痛。 四肢: 四肢肌力、肌张力正常，无肌萎缩，无关节红肿、压痛、异常活动；双手无震颤；双下肢无水肿、静脉曲张。指趾甲红润，光泽、形状正常。 神经系统: 痛觉、温度觉、触觉、振动觉及位置觉正常。无共济失调，指鼻试验阴性。步态正常。生理反射正常，病理反射未引出。",
            "专科情况": "双乳对称；双乳皮肤无红肿、破溃、凹陷、橘皮样变；双侧乳头等高、无凹陷、无歪斜，无乳头湿疹样改变， 未见陈旧手术疤痕。无溢液。双侧乳腺未及明确肿块。双侧腋窝及双侧锁骨上不可扪及异常肿大淋巴结。",
            "辅助检查": "2020-04-22 华山医院 乳腺B超:双乳乳腺病；左乳外上见7*8mm低回声区，BI-RADS 4B类；右乳内见散在数枚低回声区，其中有乳晕区见1枚4*4mm低回声区，BI-RADS 3类。双侧腋下未见明显异常肿大淋巴结。\n2020-04-24 我院 乳腺B超:左侧乳腺可见一低回声，位于约2点钟方向近腺体边缘，大小约7.2×9.6mm，拟US-BI-RADS 4C类； 右侧乳腺约9-10点钟乳头外上方可见一腺体结构紊乱区，范围约14.9×9.1mm，拟US-BI-RADS 3-4A类，乳腺病不能完全排除；右侧乳腺可见几个低回声，之一位于约8点钟方向，大小约6.9×4.3mm，拟US-BI-RADS 3类；双侧腋窝未见明显异常肿大淋巴结。\n2020-04-14 华山医院 左乳上部局灶结构紊乱伴小灶性致密影，左乳头后方局灶性不对称性致密影。BI-RADS 2类",
            "初步诊断": "乳房肿物(双乳，左乳癌疑)",
            "主治医师48小时诊断": "本人对于患方提供的基本信息、现病史等内容确认真实、无误。\n患者(委托人)手写:_____\n患者(委托人)签名:_____ 与患者关系:_____\n更正/补充诊断:\n更正/补充日期: 医生签名:"
        }
    },
    {
        "文书名": "乳腺中心主治医师首次查房记录",
        "时间": "2020-04-26 09:00:00",
        "jlysxgsj": "",
        "cfysxgsj": "",
        "sjysxgsj": "2020-04-26 13:01:58",
        "录入日期": "2020-04-26 11:43:52",
        "最后修改日期": "2020-04-26 13:04:35",
        "内容": {
            "TM员工名称TM 主治医生查房": "补充的病史和体征: 患者无 激素类食物药物服用史，无 乳腺癌家族史。\n诊断依据与鉴别诊断的分析:",
            "诊断": "乳房肿物(双乳，左乳癌疑)",
            "诊断依据": "1、患者为中年女性\n2、因体检发现双乳肿物2周余入院。\n3、体格检查: 双乳对称；双乳皮肤无红肿、破溃、凹陷、橘皮样变；双侧乳头等高、无凹陷、无歪斜，无乳头湿疹样改变， 未见陈旧手术疤痕。无溢液。双侧乳腺未及明确肿块。双侧腋窝及双侧锁骨上不可扪及异常肿大淋巴结。\n4、辅检: 2020-04-22 华山医院 乳腺B超:双乳乳腺病；左乳外上见7*8mm低回声区，BI-RADS 4B类；右乳内见散在数枚低回声区，其中有乳晕区见1枚4*4mm低回声区，BI-RADS 3类。双侧腋下未见明显异常肿大淋巴结。\n2020-04 -24 我院 乳腺B超:左侧乳腺可见一低回声，位于约2点钟方向近腺体边缘，大小约7.2×9.6mm，拟US-BI-RADS 4C类； 右侧乳腺约9-10点钟乳头外上方可见一腺体结构紊乱区，范围约14.9×9.1mm，拟US-BI-RADS 3-4A类，乳腺病不能完全排除；右侧乳腺可见几个低回声，之一位于约8点钟方向，大小约6.9×4.3mm，拟US-BI-RADS 3类；双侧腋窝未见明显异常肿大淋巴结。",
            "鉴别诊断": "1.乳腺脂肪坏死:多见于有乳腺外伤史的中老年女性，乳腺包块长时间无变化或缩小。肿块质硬，边界不清，活动差，可有皮肤红肿或与皮肤粘连，针吸或切除活检有助于鉴别。该患者为48 岁女性，无乳腺外伤史，其临床表现、查体及辅检均与该诊断不符，暂排除该诊断。\n2.分叶状肿瘤:乳腺分叶状肿瘤发病TM员工名称TM在40-50岁，主要表现为无痛性单发肿块，一般进展缓慢，病程较长，部分患者肿块短期内可突然增大，肿块多位于外上象限，活动度好，边界清楚，触诊或B超可见叶状结构，肿块很大时表面皮肤可见扩张静脉，淋巴结转移少见。体格检查、影像学检查及细针抽吸细胞学检查均不能完全与纤维腺瘤鉴别，确诊需依靠切除活检病理。该患者为中年女性，其临床体检未及明确肿物，辅检示双乳肿物，左侧恶性不除外，均与该诊断不符，暂排除该诊断。",
            "诊疗计划": "1.首先考虑左乳乳腺恶性肿瘤，继续完善术前检查，如血常规、凝血功能、心电图等，排除手术禁忌症。\n2.拟明日局麻下行左乳肿块粗针穿刺术，明确肿块病理性质，以决定进一步治疗方案，术前告知患者及家属操作的必要性及风险。"
        }
    },
    {
        "文书名": "在院评估单",
        "时间": "2020-04-26 09:49:00",
        "jlysxgsj": "",
        "cfysxgsj": "",
        "sjysxgsj": "",
        "录入日期": "2020-04-26 09:50:20",
        "最后修改日期": "2020-04-26 09:50:20",
        "内容": {
            "基础评估": "1.生活自理能力评估: Barthel指数总分100分。2.活动能力评估: 步态稳定 ；活动状态:活动自如 。 3.意识状况评估:神志: 清醒 ，感知觉未受损（对指令有反应，能准确表达疼痛和不适） 。 4.粘膜与皮肤状况评估:颜色: 正常 ；温度: 正常 ；湿度: 正常（皮肤经常保持干燥，只需常规更换床单） ；皮肤完整性: 完整 。 无 水肿 ；无 静脉炎 ；无 瘙痒；无 麻木；无 灼烧感 。5.疼痛: 无 疼痛 。 6.排泄: 无 失禁 。 7.意外事件评估: 未发生意外事件。\n患者昨夜睡眠: 正常\n营养状况评估:良好(饮食摄入和平时一样，每餐有蛋白质摄入) ，无营养支持。\n危重症程度评估: 无 严重器官系统功能不全。 无 免疫损害。 格拉斯评分: 15分 。 危重症评分: 0分 。\n高危因素的筛查\n该病人目前不存在跌倒风险\n该病人目前不存在压疮风险。\n分级护理级别: 该病人分级护理建议为三级护理。",
            "置管状态": "无置管。\n【医学元素\\签名\\护士签名2-护理评估】\n【医学元素\\签名\\护士签名3-护理评估】\n【医学元素\\签名\\护士长签名-护理评估】"
        }
    },
    {
        "文书名": "乳房肿物粗针穿刺活检术术前知情同意书",
        "时间": "2020-04-26 10:04:00",
        "jlysxgsj": "",
        "cfysxgsj": "",
        "sjysxgsj": "",
        "录入日期": "2020-04-26 10:04:35",
        "最后修改日期": "2020-04-26 10:04:35",
        "内容": {
            "患者信息": "姓名:测试病人4538 性别:女 年龄:48 入院日期:2020.04.25 14:28\n病区名称:乳腺外科一 床号:GC8 住院号:zyh0426\n手术前检查结果: 已完善\n手术(操作)前拟诊: 左乳□/右乳□/ 左腋下□/右腋下□ 肿物\n拟定手术(操作)名称: 左乳□/右乳□/左腋窝□/右腋窝□ 肿物粗针穿刺活检术",
            "告知内容": "根据患者病情，为明确确诊、评估疗效须行乳房肿物粗针穿刺活检术。\n穿刺可能引起下列不良并发症:\n一、术中:\n1、手术过程为局部麻醉，有发生呼吸、心跳骤停等麻醉药物过敏可能\n2、穿刺中疼痛，过程中出现头晕、冷汗等应激现象。\n3、病员伴心、脑、肺等疾病，术中（包括术后）可能突发原有疾病加重意外甚至死亡可能。\n4、难以控制的出血、渗血而危及生命。\n二、术后:\n1、穿刺部位疼痛、出血、血肿形成、皮下淤血瘀斑、积液。\n2、出血、渗血不止、也可能再次手术止血。\n3、粗针穿刺活检失败，未取得组织，需要择日再次穿刺可能。\n4、原有心、肺、肝、肾等器官功能进一步减退。\n5、应激性溃疡出血，出血性休克。\n6、穿刺口感染，包括切口感染或全身性（如菌血症、败血症等）感染等。\n7、糖尿病患者，上述各项并发症发生率明显增加。\n8、术后出现全身并发症，导致死亡。\n9、目前医学科学尚不能解释和解决的意外。\n替代医疗方案:\n对上述手术风险及并发症，如患者或委托人不理解可以向医生咨询，在充分理解以后决定是否选择手术治疗或按替代医疗方案实施。请在文本上写明意见并签名。",
            "注意事项": "1、若患者（或委托者）确实还不理解以上谈话内容或难以接受可能出现的严重后果，请不要签名并暂缓手术。\n2、患者（或委托者）应明确:凡在本记录签名后，表明患者（或委托人）已完全明白上述意外和并发症发生的可能性，并对此有充分的思想准备，请慎重考虑后填写。\n3、本同意书具有法律效应，可以作为法庭呈供证据。\n患者（或委托人）意见: 单位负责人意见:\n患者（或委托人）签字: 单位负责人签名:\n委托人与患者关系: 单位名称:\n术中发生意外情况，再次与家属谈话:\n家属签名: 与病人的关系:"
        }
    },
    {
        "文书名": "乳腺中心主任医师首次查房记录",
        "时间": "2020-04-27 09:00:00",
        "jlysxgsj": "",
        "cfysxgsj": "",
        "sjysxgsj": "2020-04-26 11:44:14",
        "录入日期": "2020-04-26 11:44:16",
        "最后修改日期": "2020-04-28 13:50:16",
        "内容": {
            "TM员工名称TM 主任医生查房": "",
            "补充病史与体征": "无补充病史及体征。",
            "对病情的分析": "患者为年龄48 岁的未绝经 女性，主诉: 体检发现双乳肿物2周余。 结合患者病史、查体及辅检，目前临床诊断首先考虑左乳乳腺癌可能，右侧恶性不除外；具体病理类型仍需组织病理学证实以指导进一步治疗方案的制定，故可行双乳肿块粗针穿刺术 ，考虑到乳腺粗针穿刺术有假阴性可能，如粗针穿刺不能明确，结合肿瘤临床分期，可手术活检，予以行双乳象限切除术，并送术中冰冻病理检查，指导进一步的手术范围，明确病理从而明确手术方式。",
            "查体": "双乳对称；双乳皮肤无红肿、破溃、凹陷、橘皮样变；双侧乳头等高、无凹陷、无歪斜，无乳头湿疹样改变， 未见陈旧手术疤痕。无溢液。双侧乳腺未及明确肿块。双侧腋窝及双侧锁骨上不可扪及异常肿大淋巴结。",
            "入院后辅助检查": "患者已完善血尿常规、肝肾功能、电解质、血糖及出凝血功能等检查，未见明显异常。\n2020-04-26心电图:T波改变\n2020-04-26 肝、胆、胰、脾、肾彩色超声:脂肪肝;胆囊切除术后;胰体脾肾未见明显异常。\n2020-04-26 胸部CT(薄层)平扫:右肺尖及左肺下叶微小结节；左乳结节，双侧腋下多发小淋巴结显示。请结合临床及其他相关检查，随诊。\n2020-04-26 乳腺三维彩色超声及其引流区淋巴结+定位乳:左侧乳腺可见一个低回声，位于约2点钟方向近腺体边缘，大小约7.9×8.3×7.2mm，拟US-BI-RADS 4C类，已定位；右侧乳腺约9-10点钟乳头外上方可见一个腺体结构紊乱区，范围约18.5×7.2mm，其外侧可见几个低回声，沿导管分布，之一大小约4.8×3.0mm，拟US-BI-RADS 4A类，已定位；右侧乳腺可见几个低回声，之一位于约8点钟方向乳头内后，大小约5.9×4.3mm，左侧乳腺可见几个低回声，之一位于约12点钟方向，大小约4.4×2.5mm，拟US-BI-RADS 3类，请结合临床；双侧腋窝未见明显异常肿大淋巴结。\n2020-04-27 乳腺术前评估MRI增强:左乳外上象限肿块，拟BI-RADS 4B 类；双乳腺体结构欠规则伴异常非肿块样强化，双乳头水平至下部为著，拟BI-RADS 4A 类，建议活检；双乳腺病伴腺病结节，拟 BI-RADS 3 类；双乳散在小囊性灶，部分复杂囊肿，部分合并炎症，拟 BI-RADS 2 类。请结合临床病史、超声及其它检查，短期随访。\n乳腺MRI平扫影像片子已阅读，报告暂未回。",
            "诊疗意见": "1.患者术前检查基本完善，暂无手术禁忌症。\n2.结合患者病史、查体、辅助检查，恶性可能大，今日局麻下行双乳肿块粗针穿刺术，明确肿块病理性质，术前告知患者及家属操作的必要性及风险性，患者表示理解并同意穿刺。"
        }
    },
    {
        "文书名": "乳腺中心术前小结",
        "时间": "2020-04-27 09:00:00",
        "jlysxgsj": "",
        "cfysxgsj": "",
        "sjysxgsj": "2020-04-26 13:10:10",
        "录入日期": "2020-04-26 13:12:59",
        "最后修改日期": "2020-04-28 13:53:28",
        "内容": {
            "病史回顾": "患者2周前体检发现双乳肿物，左侧可及，大小约1 cm。活动度欠佳，无压痛，无乳房局部皮肤破溃红肿，皮肤无变薄，皮下未见扩张静脉，乳头皮肤无湿疹样改变。无乳头溢液。遂至华山医院就诊，2020-04-22查乳腺B超示 双乳乳腺病；左乳外上见7*8mm低回声区，BI-RADS 4B类；右乳内见散在数枚低回声区，其中有乳晕区见1枚4*4mm低回声区，BI-RADS 3类。双侧腋下未见明显异常肿大淋巴结。遂至我院就诊，2020-04-24我院行乳腺超声示 左侧乳腺可见一低回声，位于约2点钟方向近腺体边缘，大小约7.2×9.6mm，拟US-BI-RADS 4C类； 右侧乳腺约9-10点钟乳头外上方可见一腺体结构紊乱区，范围约14.9×9.1mm，拟US-BI-RADS 3-4A类，乳腺病不能完全排除；右侧乳腺可见几个低回声，之一位于约8点钟方向，大小约6.9×4.3mm，拟US-BI-RADS 3类；双侧腋窝未见明显异常肿大淋巴结。本次为行进一步诊治，门诊拟“双乳肿物，左乳癌疑”收治入院。\n自发病以来，患者神清，精神可，睡眠胃纳可，二便正常，体重无明显增减。\n查体:双乳对称；双乳皮肤无红肿、破溃、凹陷、橘皮样变；双侧乳头等高、无凹陷、无歪斜，无乳头湿疹样改变， 未见陈旧手术疤痕。无溢液。双侧乳腺未及明确肿块。双侧腋窝及双侧锁骨上不可扪及异常肿大淋巴结。 主刀医生TM员工名称TM住院医师 术前查看患者情况: 一般情况可，生命体征平稳，心肺无殊，体温正常，手术禁忌症已排除，适应症明确。",
            "术前诊断": "乳房肿物(双乳，左乳癌疑)",
            "手术指征": "1.患者超声示双乳肿物临床恶性不除外，予以行粗针穿刺明确性质，指导后续诊疗方案。\n2.患者相关检查均已完善，排除穿刺手术禁忌。\n3.患者表示已充分理解手术必要性及相关风险性，并同意穿刺。",
            "拟施手术名称": "双乳肿物粗针穿刺术",
            "拟施手术方式": "双乳肿物粗针穿刺术",
            "拟施麻醉方式": "局麻",
            "注意事项": "1、出血:术中严密止血。2、感染:严格无菌操作。3、损伤周围神经及软组织:小心操作。"
        }
    },
    {
        "文书名": "手术记录单(试用)",
        "时间": "2020-04-27 09:56:00",
        "jlysxgsj": "",
        "cfysxgsj": "",
        "sjysxgsj": "2020-04-27 10:04:46",
        "录入日期": "2020-04-27 10:02:20",
        "最后修改日期": "2020-04-28 13:56:25",
        "内容": {
            "手术日期": "2020-04-27 09:20\n术前诊断: 乳房肿物(双乳，左乳癌疑)\n术中诊断: 乳房肿物(双乳，左乳癌疑)\n手术名称: 乳房穿刺活检(左侧)；乳房穿刺活检(右侧)；\n手术者及助手姓名: TM员工名称TM，TM员工名称TM\n麻醉方式: 局麻。\n手术经过: 患者取仰卧位，常规消毒铺巾，取左 乳乳头乳晕区 穿刺点，以1%利多卡因行皮下及肿块周围局部浸润麻醉。穿刺点处取3mm小切口，在B超引导下以弹射式空芯针多次穿刺取检，送检快速石蜡病理。穿刺处再次消毒后加压包扎。术毕。取右 乳乳头乳晕区 穿刺点，以1%利多卡因行皮下及肿块周围局部浸润麻醉。穿刺点处取3mm小切口，在B超引导下以弹射式空芯针多次穿刺取检，送检快速石蜡病理。穿刺处再次消毒后加压包扎。术毕。\n术中出现的情况及处理: 术顺无殊。"
        }
    },
    {
        "文书名": "在院评估单",
        "时间": "2020-04-27 10:12:00",
        "jlysxgsj": "",
        "cfysxgsj": "",
        "sjysxgsj": "",
        "录入日期": "2020-04-27 10:12:38",
        "最后修改日期": "2020-04-27 10:12:38",
        "内容": {
            "基础评估": "1.生活自理能力评估: Barthel指数总分100分。2.活动能力评估: 步态稳定 ；活动状态:活动自如 。 3.意识状况评估:神志: 清醒 ，感知觉未受损（对指令有反应，能准确表达疼痛和不适） 。 4.粘膜与皮肤状况评估:颜色: 正常 ；温度: 正常 ；湿度: 正常（皮肤经常保持干燥，只需常规更换床单） ；皮肤完整性: 完整 。 无 水肿 ；无 静脉炎 ；无 瘙痒；无 麻木；无 灼烧感 。5.疼痛: 无 疼痛 。 6.排泄: 无 失禁 。 7.意外事件评估: 未发生意外事件。\n患者昨夜睡眠: 易醒\n营养状况评估:良好(饮食摄入和平时一样，每餐有蛋白质摄入) ，无营养支持。\n危重症程度评估: 无 严重器官系统功能不全。 无 免疫损害。 格拉斯评分: 15分 。 危重症评分: 4分 。\n高危因素的筛查\n该病人目前不存在跌倒风险\n该病人目前不存在压疮风险。\n分级护理级别: 该病人分级护理建议为三级护理。",
            "置管状态": "无置管。\n【医学元素\\签名\\护士签名2-护理评估】\n【医学元素\\签名\\护士签名3-护理评估】\n【医学元素\\签名\\护士长签名-护理评估】"
        }
    },
    {
        "文书名": "乳腺中心术后首次病程记录",
        "时间": "2020-04-27 10:56:00",
        "jlysxgsj": "",
        "cfysxgsj": "",
        "sjysxgsj": "2020-04-28 13:57:07",
        "录入日期": "2020-04-26 13:13:08",
        "最后修改日期": "2020-04-28 13:57:49",
        "内容": {
            "手术时间": "2020-04-27 09:00",
            "术中诊断": "乳房肿物(双乳，左乳癌疑)",
            "麻醉方式": "局麻",
            "手术方式": "双乳肿物粗针穿刺术",
            "手术简要经过": "患者取仰卧位，常规消毒铺巾，取左 乳乳头乳晕区 穿刺点，以1%利多卡因行皮下及肿块周围局部浸润麻醉。穿刺点处取3mm小切口，在B超引导下以弹射式空芯针多次穿刺取检，送检快速石蜡病理。穿刺处再次消毒后加压包扎。术毕。取右 乳乳头乳晕区 穿刺点，以1%利多卡因行皮下及肿块周围局部浸润麻醉。穿刺点处取3mm小切口，在B超引导下以弹射式空芯针多次穿刺取检，送检快速石蜡病理。穿刺处再次消毒后加压包扎。术毕。",
            "术后处理措施": "术后胸带加压包扎切口。",
            "术后应当特别注意观察的事项": "密切监测生命体征，注意伤口有无活动性渗血。"
        }
    },
    {
        "文书名": "乳腺中心术后当日记录",
        "时间": "2020-04-27 12:56:00",
        "jlysxgsj": "",
        "cfysxgsj": "",
        "sjysxgsj": "2020-04-26 13:13:30",
        "录入日期": "2020-04-26 13:13:32",
        "最后修改日期": "2020-04-28 14:02:23",
        "内容": {
            "观察记录": "患者今日在局麻下行双乳肿物粗针穿刺术 ，术顺安返。\n术后1h记录:患者无不适主诉，生命体征平稳，血压121/70 mmHg，心率74 次/分，伤口干燥无渗出。\n术后2h记录:患者无不适主诉，生命体征平稳，血压122/72 mmHg，心率78 次/分，伤口干燥无渗出。\n术后3h记录:患者无不适主诉，生命体征平稳，血压122/68 mmHg，心率70 次/分，伤口干燥无渗出。"
        }
    },
    {
        "文书名": "乳腺癌保乳手术前知情同意书",
        "时间": "2020-04-27 13:54:00",
        "jlysxgsj": "",
        "cfysxgsj": "",
        "sjysxgsj": "",
        "录入日期": "2020-04-27 13:55:51",
        "最后修改日期": "2020-04-27 13:55:51",
        "内容": {
            "患者信息": "姓名:测试病人4538 性别:女 年龄:48 入院日期:2020.04.25 14:28\n病区名称:乳腺外科一 床号:GC8 住院号:zyh0426\n手术前检查结果: 已完善\n手术(操作)前拟诊: 乳房肿物（双乳，左乳癌疑）\n拟定手术(操作)名称: 左乳象限切除术备保乳术+前哨淋巴结活检术备腋窝淋巴结清扫+右乳象限切除术",
            "告知内容": "1、麻醉过程中呼吸，心跳骤停，脑卒中，截瘫，肢体瘫痪。麻醉插管后声音嘶哑，喉部水肿等。麻醉相关的危险性由麻醉医生另行告知。\n2、病员年迈或伴心脑肺等疾病以及潜在的上述疾病，术中及术后可能突发意外甚至死亡。\n3、难以控制的出血，渗血而危及生命。\n4、因解剖变异或病变侵犯周围脏器，发生难以预料的器官损伤而须部分或全部切除。\n5、术中发现其他病变，须改变原手术方案，亦可能无法进行预期手术。\n6、术后出血，渗血不止，也可能再次进行手术止血。\n7、术后发生肺不张，肺炎，胸腔积液和呼吸功能衰竭等并发症\n8、发生心律失常，心力衰竭，心肌梗死，脑卒中，深静脉血栓形成，肺梗塞，动脉栓塞等心血管并发症。\n9、急性肾功能衰竭，如尿少，尿闭或多尿等，肝功能衰竭，如黄疸，腹水进行性加重和肝性脑病等。\n10、原有心肺肝肾等脏器功能进一步减退。\n11、应激性溃疡出血，出血性休克。\n12、术后感染，包括全身性菌血症，败血症等。\n13、切口血肿，积液，感染或裂开等。\n14、糖尿病患者出现先上述各项并发症几率增加。\n15、术后出现全身并发症，导致死亡。\n16、目前医学科学尚不能解释和解决的意外。\n17、术中发现肿瘤累及乳头乳晕或2次切缘均发现肿瘤细胞而无法继续进行保乳手术。\n18、因病变范围较大，虽然术中达成切缘阴性但使保留的乳房外观改变。\n19、术后出现上肢淋巴水肿，上肢活动障碍或前臂感觉异常。\n20、术后发生远处转移，局部复发或区域淋巴结的复发。\n21、术后组织淋巴渗出迁延不止造成的皮瓣贴合欠佳，须长期反复抽除积液。\n22、术中前哨淋巴结阴性,将仅切除前哨淋巴结;术中前哨淋巴结阳性,清除淋巴结。术后病理报告前哨淋巴结有癌细胞转移，可能需要再次手术清除腋窝淋巴结。\n23、术中病理检查提示良性，术后病理提示恶性，须再次手术，术中病理不能确诊，根据术后病理学检查结果决定是否需要再次手术。\n24、术中损伤腋静脉，锁骨下静脉，腋动脉等，引起失血性休克，气栓；术后腋静脉血栓，异味心肺脑梗塞；必要时再次手术取血栓。\n25、术中乳腺组织切缘阴性而术后病理检查切缘阳性有癌细胞，需要再次手术，手术方式可以为局部扩大切除或全乳切除。\n26、术前行新辅助化疗病人，术后常规病理检查可能提示原发灶消失，仅为变性，坏死组织。\n27、术中根据病理检查结果，术中对肿瘤和腋窝淋巴结转移的肉眼所见，手术医生有改变术前确定手术方式的权利。如果改变手术方式，是否需要通知家属再次手术签字:\na、需要，请签字并附加签授权同意书。 b、不需要。\n替代医疗方案:\n□ 全乳切除术:\n优点:无残余腺体，无同侧腺体再发肿瘤可能；可能免除放射治疗。\n缺点:手术时间较长，创伤较大，术后伤口感染、渗液、积液等风险增加；双乳不对称，美观受限。\n□ 单纯乳房切除术+假体植入术±背阔肌转移:\n优点:重建乳房外形，外形美观\n缺点:手术时间长，手术创伤大；若乳头保留有有乳头缺血坏死风险；术后放疗可能引起假体挛缩\n对上述手术风险及并发症，如患者或委托人不理解可以向医生咨询，在充分理解以后决定是否选择手术治疗或按替代医疗方案实施。请在文本上写明意见并签名。",
            "注意事项": "1、若患者（或委托者）确实还不理解以上谈话内容或难以接受可能出现的严重后果，请不要签名并暂缓手术。\n2、患者（或委托者）应明确:凡在本记录签名后，表明患者（或委托人）已完全明白上述意外和并发症发生的可能性，并对此有充分的思想准备，请慎重考虑后填写。\n3、本同意书具有法律效应，可以作为法庭呈供证据。\n患者（或委托人）意见: 单位负责人意见:\n患者（或委托人）签字: 单位负责人签名:\n委托人与患者关系: 单位名称:\n术中发生意外情况，再次与家属谈话:\n家属签名: 与病人的关系:"
        }
    },
    {
        "文书名": "在院评估单",
        "时间": "2020-04-28 09:00:00",
        "jlysxgsj": "",
        "cfysxgsj": "",
        "sjysxgsj": "",
        "录入日期": "2020-04-28 09:01:17",
        "最后修改日期": "2020-04-28 09:01:17",
        "内容": {
            "基础评估": "1.生活自理能力评估: Barthel指数总分100分。2.活动能力评估: 步态稳定 ；活动状态:活动自如 。 3.意识状况评估:神志: 清醒 ，感知觉未受损（对指令有反应，能准确表达疼痛和不适） 。 4.粘膜与皮肤状况评估:颜色: 正常 ；温度: 正常 ；湿度: 正常（皮肤经常保持干燥，只需常规更换床单） ；皮肤完整性: 完整 。 无 水肿 ；无 静脉炎 ；无 瘙痒；无 麻木；无 灼烧感 。5.疼痛: 无 疼痛 。 6.排泄: 无 失禁 。 7.意外事件评估: 未发生意外事件。\n患者昨夜睡眠: 正常\n营养状况评估:良好(饮食摄入和平时一样，每餐有蛋白质摄入) ，无营养支持。\n危重症程度评估: 无 严重器官系统功能不全。 无 免疫损害。 格拉斯评分: 15分 。 危重症评分: 4分 。\n高危因素的筛查\n该病人目前不存在跌倒风险\n该病人目前不存在压疮风险。\n分级护理级别: 该病人分级护理建议为三级护理。",
            "置管状态": "无置管。\n【医学元素\\签名\\护士签名2-护理评估】\n【医学元素\\签名\\护士签名3-护理评估】\n【医学元素\\签名\\护士长签名-护理评估】"
        }
    },
    {
        "文书名": "乳腺中心术前小结",
        "时间": "2020-04-28 09:00:00",
        "jlysxgsj": "",
        "cfysxgsj": "",
        "sjysxgsj": "2020-04-26 13:42:02",
        "录入日期": "2020-04-26 13:42:04",
        "最后修改日期": "2020-04-28 14:11:53",
        "内容": {
            "病史回顾": "患者2周前体检发现双乳肿物，左侧可及，大小约1 cm。活动度欠佳，无压痛，无乳房局部皮肤破溃红肿，皮肤无变薄，皮下未见扩张静脉，乳头皮肤无湿疹样改变。无乳头溢液。遂至华山医院就诊，2020-04-22查乳腺B超示 双乳乳腺病；左乳外上见7*8mm低回声区，BI-RADS 4B类；右乳内见散在数枚低回声区，其中有乳晕区见1枚4*4mm低回声区，BI-RADS 3类。双侧腋下未见明显异常肿大淋巴结。遂至我院就诊，2020-04-24我院行乳腺超声示 左侧乳腺可见一低回声，位于约2点钟方向近腺体边缘，大小约7.2×9.6mm，拟US-BI-RADS 4C类； 右侧乳腺约9-10点钟乳头外上方可见一腺体结构紊乱区，范围约14.9×9.1mm，拟US-BI-RADS 3-4A类，乳腺病不能完全排除；右侧乳腺可见几个低回声，之一位于约8点钟方向，大小约6.9×4.3mm，拟US-BI-RADS 3类；双侧腋窝未见明显异常肿大淋巴结。本次为行进一步诊治，门诊拟“双乳肿物，左乳癌疑”收治入院。\n自发病以来，患者神清，精神可，睡眠胃纳可，二便正常，体重无明显增减。\n查体:双乳对称；双乳皮肤无红肿、破溃、凹陷、橘皮样变；双侧乳头等高、无凹陷、无歪斜，无乳头湿疹样改变， 未见陈旧手术疤痕。无溢液。双侧乳腺未及明确肿块。双侧腋窝及双侧锁骨上不可扪及异常肿大淋巴结。 主刀医生TM员工名称TM主任医师 术前查看患者情况: 一般情况可，生命体征平稳，心肺无殊，体温正常，手术禁忌症已排除，适应症明确。",
            "术前诊断": "1、乳腺良性肿瘤(左乳导管内乳头状肿瘤)\n2、乳腺腺病(右侧)",
            "手术指征": "1.患者穿刺病理示双乳良性，需进一步手术，具备手术指征。\n2.患者相关检查均已完善，排除手术禁忌。\n3.患者表示已充分理解手术必要性及相关风险性，并同意手术",
            "拟施手术名称": "双乳象限切除术备双乳癌保乳术+前哨淋巴结活检术备腋窝淋巴结清扫术备双乳癌乳房单纯切除术。",
            "拟施手术方式": "双乳象限切除术备双乳癌保乳术+前哨淋巴结活检术备腋窝淋巴结清扫术备双乳癌乳房单纯切除术。",
            "拟施麻醉方式": "全麻",
            "注意事项": "1、出血:术中严密止血。2、感染:严格无菌操作。3、损伤周围神经及软组织:小心操作。"
        }
    },
    {
        "文书名": "乳腺中心术前讨论记录",
        "时间": "2020-04-28 09:00:00",
        "jlysxgsj": "",
        "cfysxgsj": "",
        "sjysxgsj": "2020-04-26 13:40:00",
        "录入日期": "2020-04-26 13:40:04",
        "最后修改日期": "2020-04-28 14:07:54",
        "内容": {
            "讨论日期": "2020-04-28 09:00",
            "参加讨论者": "TM员工名称TM，主任医师；TM员工名称TM，主治医师；TM员工名称TM，住院医师。",
            "病史回顾": "患者2周前体检发现双乳肿物，左侧可及，大小约1 cm。活动度欠佳，无压痛，无乳房局部皮肤破溃红肿，皮肤无变薄，皮下未见扩张静脉，乳头皮肤无湿疹样改变。无乳头溢液。遂至华山医院就诊，2020-04-22查乳腺B超示 双乳乳腺病；左乳外上见7*8mm低回声区，BI-RADS 4B类；右乳内见散在数枚低回声区，其中有乳晕区见1枚4*4mm低回声区，BI-RADS 3类。双侧腋下未见明显异常肿大淋巴结。遂至我院就诊，2020-04-24我院行乳腺超声示 左侧乳腺可见一低回声，位于约2点钟方向近腺体边缘，大小约7.2×9.6mm，拟US-BI-RADS 4C类； 右侧乳腺约9-10点钟乳头外上方可见一腺体结构紊乱区，范围约14.9×9.1mm，拟US-BI-RADS 3-4A类，乳腺病不能完全排除；右侧乳腺可见几个低回声，之一位于约8点钟方向，大小约6.9×4.3mm，拟US-BI-RADS 3类；双侧腋窝未见明显异常肿大淋巴结。本次为行进一步诊治，门诊拟“双乳肿物，左乳癌疑”收治入院。\n自发病以来，患者神清，精神可，睡眠胃纳可，二便正常，体重无明显增减。\n查体:双乳对称；双乳皮肤无红肿、破溃、凹陷、橘皮样变；双侧乳头等高、无凹陷、无歪斜，无乳头湿疹样改变， 未见陈旧手术疤痕。无溢液。双侧乳腺未及明确肿块。双侧腋窝及双侧锁骨上不可扪及异常肿大淋巴结。",
            "手术指征": "1.患者穿刺病理示双乳良性，需进一步手术，具备手术指征。\n2.患者相关检查均已完善，排除手术禁忌。\n3.患者表示已充分理解手术必要性及相关风险性，并同意手术",
            "手术方案": "双乳象限切除术备双乳癌保乳术+前哨淋巴结活检术备腋窝淋巴结清扫术备双乳癌乳房单纯切除术。 是否需要分期手术:否",
            "术前准备情况": "一般情况可，生命体征平稳，心肺无殊，体温正常，手术禁忌症已排除，适应症明确。",
            "可能出现的意外及防范措施": "1、出血:术中严密止血。2、感染:严格无菌操作。3、损伤周围神经及软组织:小心操作。",
            "具体讨论意见": "TM员工名称TM 住院医师意见: 患者乳腺穿刺病理示双乳良性，需进一步手术，具备手术指征。\nTM员工名称TM 主治医师意见: 结合患者查体、辅检及意愿，予以行双乳象限切除术。若冰冻恶性，则进一步行保乳术备单切术。\nTM员工名称TM 主任医师意见: 根据患者意愿，同意行双乳象限切除术备双乳癌保乳术+前哨淋巴结活检术备腋窝淋巴结清扫术备双乳癌乳房单纯切除术。",
            "主持人小结意见": "同意 行双乳象限切除术备双乳癌保乳术+前哨淋巴结活检术备腋窝淋巴结清扫术备双乳癌乳房单纯切除术。"
        }
    },
    {
        "文书名": "术后第一日记录",
        "时间": "2020-04-28 09:00:00",
        "jlysxgsj": "",
        "cfysxgsj": "",
        "sjysxgsj": "2020-04-26 13:14:18",
        "录入日期": "2020-04-26 13:14:37",
        "最后修改日期": "2020-04-28 14:05:27",
        "内容": {
            "观察记录": "TM员工名称TM主任医师查房\n患者今日穿刺术后第一日。\n主诉:无不适。\n查体:患者神清，精神可，生命体征稳定，晨起体温36.7℃，心率72次/分。胸带加压包扎中，穿刺点愈合良好，干燥无渗出，未见皮下瘀斑。\n粗针穿刺病理:“左乳肿物粗针穿刺活检标本”少许游离导管内乳头状肿瘤，倾向良性，具体类型待手术标本作最终诊断。\n“右乳肿物粗针穿刺活检标本”少量乳腺组织，未见异型成分。\n处理:\n1.患者相关检查均已完善，排除手术禁忌。\n2.患者穿刺病理示双乳良性，左侧恶性不能除外，均具备手术指征，结合患者查体、辅检及意愿，予以行双乳象限切除术备双乳癌保乳术+前哨淋巴结活检术备腋窝淋巴结清扫术备双乳癌乳房单纯切除术。"
        }
    },
    {
        "文书名": "手术记录单(试用)",
        "时间": "2020-04-28 13:45:00",
        "jlysxgsj": "",
        "cfysxgsj": "",
        "sjysxgsj": "2020-04-29 09:16:59",
        "录入日期": "2020-04-28 19:36:31",
        "最后修改日期": "2020-04-29 09:18:45",
        "内容": {
            "手术日期": "2020-04-28 11:45\n术前诊断: 1、乳腺良性肿瘤(左乳导管内乳头状肿瘤)\n2、乳腺腺病(右侧)\n术中诊断: 1、乳腺良性肿瘤(左乳导管内乳头状瘤)\n2、乳腺腺病(双乳)\n手术名称: 乳房象限切除术(左侧)；乳房象限切除术(右侧)；\n手术者及助手姓名: TM员工名称TM TM员工名称TM\n麻醉方式: 全麻。\n手术经过: 患者取仰卧位，双侧上肢外展，常规消毒皮肤，铺巾。取左 乳外上 象限弧形 切口，10号刀片切开皮肤，长约5cm，电刀切开皮下组织至腺体表面，术中见肿块约1.5 cm，质韧，边界不清 。电刀完整切除肿块及周围1cm正常腺体组织，标本大小约2.5 cm，予以送术中冰冻病理，提示“左乳肿物扩大切除标本”:缝线标记处为导管内乳头状瘤伴上皮增生，细胞无明显异型性，待石蜡及免疫组化进一步诊断。 取右乳外上象限弧形切口，10号刀片切开皮肤，长约5cm，以相同方式完整切除右乳肿块及周围1cm正常腺体组织，标本大小约1cm，予以送术中冰冻病理，提示“右乳肿物”腺病。 严密止血后，4-0丝线间断缝合创腔及皮下组织，4-0慢吸收薇乔皮内连续缝合。手术顺利，术毕胸带加压包扎。\n术中出现的情况及处理: 术顺"
        }
    },
    {
        "文书名": "乳腺中心术后首次病程记录",
        "时间": "2020-04-28 14:45:00",
        "jlysxgsj": "",
        "cfysxgsj": "",
        "sjysxgsj": "2020-04-29 09:19:07",
        "录入日期": "2020-04-28 14:11:21",
        "最后修改日期": "2020-04-29 09:19:37",
        "内容": {
            "手术时间": "2020-04-28 11:45",
            "术中诊断": "1、乳腺良性肿瘤(左乳导管内乳头状瘤)\n2、乳腺腺病(双乳)",
            "麻醉方式": "全麻",
            "手术方式": "双乳象限切除术",
            "手术简要经过": "患者取仰卧位，双侧上肢外展，常规消毒皮肤，铺巾。取左 乳外上 象限弧形 切口，10号刀片切开皮肤，长约5cm，电刀切开皮下组织至腺体表面，术中见肿块约1.5 cm，质韧，边界不清 。电刀完整切除肿块及周围1cm正常腺体组织，标本大小约2.5 cm，予以送术中冰冻病理，提示“左乳肿物扩大切除标本”:缝线标记处为导管内乳头状瘤伴上皮增生，细胞无明显异型性，待石蜡及免疫组化进一步诊断。 取右乳外上象限弧形切口，10号刀片切开皮肤，长约5cm，以相同方式完整切除右乳肿块及周围1cm正常腺体组织，标本大小约1cm，予以送术中冰冻病理，提示“右乳肿物”腺病。 严密止血后，4-0丝线间断缝合创腔及皮下组织，4-0慢吸收薇乔皮内连续缝合。手术顺利，术毕胸带加压包扎。",
            "术后处理措施": "术后胸带加压包扎伤口，常规补液支持。",
            "术后应当特别注意观察的事项": "密切监测生命体征，注意伤口有无活动性渗血。"
        }
    },
    {
        "文书名": "在院评估单",
        "时间": "2020-04-28 15:24:00",
        "jlysxgsj": "",
        "cfysxgsj": "",
        "sjysxgsj": "",
        "录入日期": "2020-04-28 15:26:18",
        "最后修改日期": "2020-04-29 08:07:59",
        "内容": {
            "基础评估": "1.生活自理能力评估: Barthel指数总分65分。2.活动能力评估: 步态因卧床无法评估 ；活动状态:卧床 ，能自行翻身 ，移动患者时，摩擦力和剪切力无明显问题（可独立在床上或椅子上移动，移动时有足够的肌力将身体抬高，坐在椅子或床上随时都可以维持良好的体位） 。 3.意识状况评估:神志: 清醒 ，感知觉未受损（对指令有反应，能准确表达疼痛和不适） 。 4.粘膜与皮肤状况评估:颜色: 正常 ；温度: 正常 ；湿度: 正常（皮肤经常保持干燥，只需常规更换床单） ；皮肤完整性: 不完整 ，皮肤不完整原因切口 ，切口部位 胸部 。 无 水肿 ；无 静脉炎 ；无 瘙痒；无 麻木；无 灼烧感 。5.疼痛: 有 疼痛，切口疼痛，呈间隙性疼痛，轻度（注意时，有觉察） ，疼痛评分1分 。 6.排泄: 无 失禁 。 7.意外事件评估: 未发生意外事件。\n营养状况评估:良好(饮食摄入和平时一样，每餐有蛋白质摄入) ，无营养支持。\n危重症程度评估: 无 严重器官系统功能不全。 无 免疫损害。 格拉斯评分: 15分 。 危重症评分: 4分 。\n高危因素的筛查\n该病人目前不存在跌倒风险\n该病人目前不存在压疮风险。\n分级护理级别: 该病人分级护理建议为一级护理。",
            "置管状态": "无置管。\n【医学元素\\签名\\护士签名2-护理评估】\n【医学元素\\签名\\护士签名3-护理评估】"
        }
    },
    {
        "文书名": "乳腺中心术后当日记录",
        "时间": "2020-04-28 16:45:00",
        "jlysxgsj": "",
        "cfysxgsj": "",
        "sjysxgsj": "2020-04-28 14:11:28",
        "录入日期": "2020-04-28 14:11:33",
        "最后修改日期": "2020-04-29 09:20:45",
        "内容": {
            "观察记录": "患者今日在全麻下行双乳象限切除术 ，术顺安返。\n术后1h记录:目前患者清醒，无不适主诉，生命体征平稳，血压136/70 mmHg，心率78 次/分，伤口干燥无渗出。\n术后2h记录:患者无不适主诉，生命体征平稳，血压126/78 mmHg，心率78 次/分，伤口干燥无渗出。\n术后3h记录:患者无不适主诉，生命体征平稳，血压118/67 mmHg，心率77 次/分，伤口干燥无渗出。"
        }
    },
    {
        "文书名": "术后第一日记录",
        "时间": "2020-04-29 09:00:00",
        "jlysxgsj": "",
        "cfysxgsj": "",
        "sjysxgsj": "2020-04-29 09:21:14",
        "录入日期": "2020-04-28 14:12:14",
        "最后修改日期": "2020-04-29 09:21:39",
        "内容": {
            "观察记录": "TM员工名称TM主任医生查房\n患者今日术后第一日。\n主诉:无不适。\n查体:患者神清，精神可，一般情况可，晨起体温36.8℃，心率76 次/分，律齐，腹软，无压痛。揭开敷料见双侧手术切口对合良好，干燥无渗出，无切口红肿。\n处理:\n1.予换药一次，伤口继续加压包扎，密切关注患者伤口愈合情况。\n2.目前患者术后生命体征稳定，一般情况良好，同意予以今日出院。手术后10个工作日来院询问石蜡病理报告，并带至主诊医生门诊就诊，拟定进一步诊疗或随访方案"
        }
    },
    {
        "文书名": "术后第二日记录",
        "时间": "2020-04-29 09:00:00",
        "jlysxgsj": "",
        "cfysxgsj": "",
        "sjysxgsj": "2020-04-26 13:17:19",
        "录入日期": "2020-04-26 13:17:26",
        "最后修改日期": "2020-04-26 13:17:26",
        "内容": {
            "观察记录": "TM员工名称TM主治医生查房\n患者今日穿刺术后第二日。 主诉:无不适。\n查体:患者神清，精神可，生命体征稳定，晨起体温36.5℃，心率74次/分。穿刺点愈合良好，干燥无渗出，未见皮下瘀斑。\n处理:\n1.待粗针穿刺标本病理结果，决定进一步诊疗方式。"
        }
    },
    {
        "文书名": "乳腺中心出院记录",
        "时间": "2020-04-29 10:00:00",
        "jlysxgsj": "",
        "cfysxgsj": "",
        "sjysxgsj": "2020-04-29 09:13:43",
        "录入日期": "2020-04-29 09:14:44",
        "最后修改日期": "2020-04-29 09:26:56",
        "内容": {
            "入院日期": "2020.04.25 14:28",
            "出院日期": "2020-04-29 10:00",
            "入院诊断": "乳房肿物(双乳，左乳癌疑)",
            "出院诊断": "1、乳腺良性肿瘤(左乳导管内乳头状瘤)\n2、乳腺腺病(双乳)",
            "入院情况": "患者2周前体检发现双乳肿物，左侧可及，大小约1 cm。活动度欠佳，无压痛，无乳房局部皮肤破溃红肿，皮肤无变薄，皮下未见扩张静脉，乳头皮肤无湿疹样改变。无乳头溢液。遂至华山医院就诊，2020-04-22查乳腺B超示 双乳乳腺病；左乳外上见7*8mm低回声区，BI-RADS 4B类；右乳内见散在数枚低回声区，其中有乳晕区见1枚4*4mm低回声区，BI-RADS 3类。双侧腋下未见明显异常肿大淋巴结。遂至我院就诊，2020-04-24我院行乳腺超声示 左侧乳腺可见一低回声，位于约2点钟方向近腺体边缘，大小约7.2×9.6mm，拟US-BI-RADS 4C类； 右侧乳腺约9-10点钟乳头外上方可见一腺体结构紊乱区，范围约14.9×9.1mm，拟US-BI-RADS 3-4A类，乳腺病不能完全排除；右侧乳腺可见几个低回声，之一位于约8点钟方向，大小约6.9×4.3mm，拟US-BI-RADS 3类；双侧腋窝未见明显异常肿大淋巴结。本次为行进一步诊治，门诊拟“双乳肿物，左乳癌疑”收治入院。\n自发病以来，患者神清，精神可，睡眠胃纳可，二便正常，体重无明显增减。\n查体:双乳对称；双乳皮肤无红肿、破溃、凹陷、橘皮样变；双侧乳头等高、无凹陷、无歪斜，无乳头湿疹样改变， 未见陈旧手术疤痕。无溢液。双侧乳腺未及明确肿块。双侧腋窝及双侧锁骨上不可扪及异常肿大淋巴结。",
            "诊疗经过": "患者入院后完善相关检查，并于2020-04-27 局麻下行双乳肿块粗针穿刺活检术，术后病理报告 “左乳肿物粗针穿刺活检标本”少许游离导管内乳头状肿瘤，倾向良性，具体类型待手术标本作最终诊断。“右乳肿物粗针穿刺活检标本”少量乳腺组织，未见异型成分。根据穿刺术后病理报告，于2020-04-28全麻下行双乳象限切除术，“右乳肿物”腺病。 “左乳肿物扩大切除标本”:缝线标记处为导管内乳头状瘤伴上皮增生，细胞无明显异型性，待石蜡及免疫组化进一步诊断。 术顺安返。现患者一般情况良好，伤口愈合I/甲，经上级医师查房同意后，予今日出院。",
            "出院情况": "神清,精神可,一般情况良好。伤口愈合I/甲。",
            "出院医嘱": "1.10个工作日后来院询问石蜡病理报告，并带至TM员工名称TM医师门诊就诊，拟定进一步诊疗或随访方案\n2. 术后胸带加压包扎切口5-7天；之后可佩戴文胸；保持伤口清洁干燥，2周内避免洗澡；术后10天内每3天来院换药一次，换药门诊时间:每周一～周五9:00-11:00 在门诊大楼3楼乳腺中心。\n3.保持伤口清洁干燥，如有发热，切口局部红肿、疼痛、化脓等不适，及时来院就诊。\n4.患者术后康复评估见专页。\n5.患者住院期间:心电图示T波改变，建议心内科随访。\n腹部超声示脂肪肝；建议消化科随访。\n胸部CT(薄层)平扫示右肺尖及左肺下叶微小结节，建议呼吸科随访。\n乳腺超声示右侧乳腺可见几个低回声，之一位于约8点钟方向乳头内后，大小约5.9×4.3mm，左侧乳腺可见几个低回声，之一位于约12点钟方向，大小约4.4×2.5mm，拟US-BI-RADS 3类，建议本科随访。"
        }
    },
    {
        "文书名": "术后第三日记录",
        "时间": "2020-04-30 09:00:00",
        "jlysxgsj": "",
        "cfysxgsj": "",
        "sjysxgsj": "2020-04-26 13:17:46",
        "录入日期": "2020-04-26 13:18:15",
        "最后修改日期": "2020-04-28 14:02:54",
        "内容": {
            "观察记录": "TM员工名称TM住院医生查房\n患者今日穿刺术后第三日。 主诉:无不适。\n查体:患者神清，精神可，生命体征稳定，晨起体温36.1℃，心率75次/分。穿刺点愈合良好，干燥无渗出，未见皮下瘀斑。\n辅检:mri"
        }
    }
]