[
    {
        "文书名": "新入院评估单",
        "时间": "2020-11-27 09:35:00",
        "jlysxgsj": "",
        "cfysxgsj": "",
        "sjysxgsj": "",
        "录入日期": "2020-11-27 09:43:04",
        "最后修改日期": "2020-11-27 10:08:22",
        "内容": {
            "一、基本信息": "姓名: 性别:女 年龄:61 国籍:中国 民族:汉族 职业:退休（离休） 文化程度:高中 婚姻状况:已婚 入科室时间:2020年11月27日9时33分 入院形式:门诊 入院方式:步行 药物过敏史: 无 药物过敏史\n特殊既往史: 有 特殊既往史，为子宫刮宫术 既往不安全事件发生史: 无 既往不安全事件发生史\n特殊药物服用史: 无 特殊药物服用史 病人对疾病的认知: 认识 病人对医疗服务的经济忧患: 无\n宗教信仰:无宗教信仰",
            "二、生活习惯与自理能力评估": "体貌: 正常 睡眠: 易醒\n运动: 偶尔运动\n嗜好: 无 自理能力: Barthel指数总分100分。\n步态: 稳定 活动状态: 活动自如",
            "三、生理状况评估": "体温 36.5 ℃，脉搏 82 次/分，呼吸 17 次/分，血压 131 /72 mmHg\n意识及感知觉状况评估: 清醒 ，感知觉未受损（对指令有反应，能准确表达疼痛和不适）\n语言表达: 清楚 ，对答切题\n视力: 远视\n听力: 正常",
            "四、营养状况评估": "测量身高156cm，体重56kg，BMI23.01Kg/m2\n近期无体重下降，\n饮食:普食 ；一周内无 进食量减少",
            "五、粘膜与皮肤状况评估": "颜色: 正常 温度: 正常\n湿度: 正常（皮肤经常保持干燥，只需常规更换床单） 皮肤完整性: 完整\n水肿: 无 静脉炎: 无",
            "六、呼吸系统评估": "呼吸方式: 自主呼吸\n呼吸节律: 规则 ，无 呼吸困难 咳嗽: 无 咳嗽",
            "七、循环系统评估": "脉搏: 规则 ，无 起搏器 特殊症状: 无",
            "八、消化与泌尿系统评估": "消化道症状: 无 恶心；无 嗳气；无 反酸；无 烧灼感； 无 呕吐； 无 腹胀； 无 腹水\n粪便:成形 ；1次/1天； 排尿: 正常 ，颜色为正常",
            "九、疼痛与心理健康状况评估": "疼痛: 无 疼痛 思维状况: 无异常\n心理状态: 无异常",
            "十、置管状况评估": "无置管。",
            "十一、特殊评估": "无",
            "十二、告知事项": "责任医生和责任护士的姓名。\n病室环境及病室制度(查房,用膳,探视,作息时间）。\n病人权利和义务。\n请勿擅自解除腕带。\n请正确使用呼叫设施。\n请勿跨越床栏下床。\n请勿随意调节医疗设备。\n请勿私自使用取暖设施，禁止使用电器设备。\n请采取防止跌倒预防措施。\n未获医生准假前，请勿擅自离院。\n为保障饮食安全，请勿在住院期间食用外卖食物。\n在医院内禁止吸烟。",
            "十三、高危人群筛查": "该病人入院时不存在营养风险\n该病人入院时不属于防范跌倒高危人群\n该病人入院时不属于防范压疮高危人群\n该病人分级护理建议为三级护理。\n【医学元素\\签名\\护士签名2-入院评估单】\n【医学元素\\签名\\护士签名3-入院评估单】"
        }
    },
    {
        "文书名": "乳腺中心入院记录",
        "时间": "2020-11-27 10:00:00",
        "jlysxgsj": "2020-11-28 11:16:26",
        "cfysxgsj": "",
        "sjysxgsj": "2020-11-28 11:16:26",
        "录入日期": "2020-11-27 09:59:42",
        "最后修改日期": "2020-12-03 11:36:09",
        "内容": {
            "患者一般情况": "姓名: 性别: 女 年龄: 61岁 民族: 汉族 婚姻: 已婚 出生地: 上海市 职业: 退(离)休人员 入院日期: 2020年11月27日 09时33分 病史陈述者: 患者本人",
            "主诉": "体检发现右乳肿物11天，确诊右乳癌6天。",
            "现病史": "患者1周前体检发现右乳一肿物，大小约2cm，活动度差，无压痛，无乳房局部皮肤破溃红肿，皮肤无变薄，皮下未见扩张静脉，乳头皮肤无湿疹样改变。无乳头溢液。2020-11-16瑞金北院乳腺超声示:右乳肿物，位于9点钟方向，大小约21.2*14.7mm。2020-11-21于瑞金医院北院行右乳肿物粗针穿刺术，术后穿刺病理示:“右乳穿刺标本”浸润性癌。本次为行进一步诊治，门诊拟“右乳恶性肿瘤”收治入院。\n自发病以来，患者神清，精神可，睡眠胃纳可，二便正常，体重无明显增减。",
            "既往史": "一般健康状况: 身体健康 。 疾病史: 否认高血压、糖尿病、冠心病、COPD等慢性疾病史 传染病史: 否认 传染性疾病史。 预防接种史: 按计划免疫接种。 手术外伤史: 承认 手术史，2010年曾子宫内膜增厚行三次刮宫手术，否认外伤史。 输血史: 否认 输血史。 食物过敏史: 否认 食物过敏史。 药物过敏史: 否认 药物过敏史 。",
            "个人史": "出生并长期生活于上海 。否认疫区疫源接触史，无烟酒等不良嗜好。",
            "婚育史": "已婚 ，29岁结婚，1-0-1-1，未母乳喂养。",
            "月经史": "初潮16 岁，月经周期5/22天，已 绝经，50岁绝经 ，既往月经规律。承认 避孕药、雌激素类药物使用史。",
            "家族史": "否认 乳腺癌家族史；否认其他家族遗传病史。",
            "体格检查": "体温:36.5℃ 脉搏:82次/分 呼吸:17次/分 血压:131/72mmHg 一般情况: 神志清晰，精神良好，发育正常，营养良好，步入病房，自主体位，查体合作，对答切题。 皮肤粘膜: 无黄染、无瘀点瘀斑、无破溃红肿、无贫血貌。 全身浅表淋巴结: 不可及 肿大淋巴结。 头部及其器官: 头颅无畸形、肿物、压痛，头发疏密、色泽、分布均正常，无疖、癣、疤痕。\n眼:结膜无充血、水肿，巩膜无黄染，双侧瞳孔等大等圆，直径2.5mm，对光反应灵敏。\n耳:耳廓无畸形，外耳道通畅，无异常分泌物，乳突无压痛，听力正常。\n鼻:无畸形，鼻中隔无偏曲、无穿孔，无鼻甲肥大或阻塞，无鼻腔异常分泌物，副鼻窦无压痛，嗅觉正常。\n口唇:唇红，无苍白、紫绀，无口腔疱疹、溃疡；伸舌居中；牙齿正常，齿龈无出血或肿胀；无咽充血，双侧扁桃体无肿大，腭垂居中。 颈部: 颈部，无抵抗、强直，活动无受限。气管居中。甲状腺未及无肿大或结节。颈部血管未及异常搏动及杂音，颈静脉无怒张。 胸部(胸廓、肺部、心脏、血管): 胸廓外观对称，无畸形，肋间隙正常，无桶状胸、鸡胸、漏斗胸，胸廓皮肤无瘀点瘀斑、无黄染苍白、无破溃红肿等异常。\n肺脏:\n视诊:两肺呼吸对称，以胸式呼吸为主，17 次/分，节律正常，未见“三凹征”。\n触诊:两肺呼吸动度对称，触觉语颤对称，未及胸膜摩擦感。\n叩诊:两肺叩诊清音，肺下界于锁骨中线第6肋间、腋中线第8肋间、肩胛下角线第10肋间，肺下界呼吸动度正常。\n听诊:两肺呼吸音清，未闻及干湿罗音、哮鸣音，语音传导无异常，未闻及胸膜摩擦音。\n心脏:\n视诊:心前区无异常隆起，心尖搏动位于第5肋间左锁骨中线内侧约0.5cm。\n触诊:心间搏动位于第5肋间左锁骨中线内侧0.5cm，搏动范围约1.0cm，未触及抬举样心间搏动及心包摩擦感。\n叩诊:心脏相对浊音界如下:\n右（cm） 肋间 左（cm）\n1 II 2\n2 III 3\n2.5 IV 5\nV 7\n左锁骨中线距离正中线7.5cm。\n听诊:心率82 次/分，律齐，心音正常，各瓣膜听诊区未闻及病理性杂音，未闻及额外心音。\n血管:桡动脉搏动频率82 次/分，节律整齐，无奇脉。股动脉及肱动脉无枪击音。无毛细血管搏动征，无水冲脉，无动脉异常搏动，Duroziez氏征阴性。 腹部(肝、脾等): 视诊:腹部略膨隆，未见明显胃肠型，无胃肠蠕动波，无皮疹、脐疝、静脉曲张。未见 腹部陈旧手术疤痕。\n听诊:肠鸣音正常，无亢进，4次/分，无气过水声，无血管杂音。\n叩诊:全腹叩诊大部分鼓音，无移动性浊音，无肝区、肾区叩痛。\n触诊:全腹软，无压痛、反跳痛，无肌卫，未扪及明显包块，肝脾肋下未及，胆囊未触及，Murphy征阴性，输尿管压痛点无压痛。 直肠肛门: 未查。 外生殖器: 未查。 脊柱: 脊柱生理曲度存在，无畸形、强直、叩压痛，运动度无受限、两侧肌肉无紧张、压痛。 四肢: 四肢肌力、肌张力正常，无肌萎缩，无关节红肿、压痛、异常活动；双手无震颤；双下肢无水肿、静脉曲张。指趾甲红润，光泽、形状正常。 神经系统: 痛觉、温度觉、触觉、振动觉及位置觉正常。无共济失调，指鼻试验阴性。步态正常。生理反射正常，病理反射未引出。",
            "专科情况": "双乳对称；双乳皮肤无红肿、破溃、凹陷、橘皮样变；双侧乳头等高、无凹陷、无歪斜，无乳头湿疹样改变，未见陈旧手术疤痕；右乳外上可扪及一直径约2 cm肿块，质地硬，活动度差，边界不清，肿块与皮肤无粘连，无明显触痛。无溢液。对侧乳腺未及明确肿块。双侧腋窝及双侧锁骨上不可扪及异常肿大淋巴结。",
            "辅助检查": "2020-11-16瑞金北院乳腺超声示:右乳肿物，位于9点钟方向，大小约21.2*14.7mm。\n2020-11-21于瑞金医院北院行右乳肿物粗针穿刺术，术后穿刺病理（病理号:2020-22050）示:“右乳穿刺标本”浸润性癌。",
            "初步诊断": "乳腺恶性肿瘤(右乳)",
            "主治医师48小时诊断": "更正/补充诊断:\n更正/补充日期: 医生签名:"
        }
    },
    {
        "文书名": "乙型肝炎项目检测知情同意书",
        "时间": "2020-11-27 10:01:00",
        "jlysxgsj": "",
        "cfysxgsj": "",
        "sjysxgsj": "",
        "录入日期": "2020-11-27 10:01:36",
        "最后修改日期": "2020-11-27 10:01:44",
        "内容": {
            "患者信息": "姓名 性别 女 年龄 61\n入院日期 2020.11.27 9:33 病区床位 2237 住院号 z865499 临床诊断:",
            "既往史": "1 手术史: 有□ 无□ 2 外伤史: 有□ 无□ 3 输血史: 有□ 无□ 4肝炎史: 有□ 无□\n医院根据《卫生部办公厅关于加强乙肝项目检测管理工作的通知》(卫办医政发[2010]38号) 文件精神，严格执行《通知》的相关规定，加强乙肝项目检测管理工作，保护患者或被检者的隐私权，院方必须征得您知情同意的情况下方能实施抽血检测。现告知如下:\n一、根据临床资料，院方为 □明确诊断 □治疗需要 □输血治疗前监测 □其他: _____ 需要对您进行乙肝项目检测，院方须在征得您同意之后为您进行相关检查，并加强对有关检测结果报告单的管理，保护您的隐私。\n患者或委托人意见:院方已告知我需要进行乙肝项目检测的目的。\n本人/委托人 □ 同意 □ 不同意\n如您选择不同意进行检测，则由此带来的影响诊治效果或引起不良后果的责任有患方承担。院方已告知我不接受乙肝项目检测的不良后果，本人/委托人仍选择不进行乙肝项目检测。\n本人/委托人签名: 签署日期:\n二、被检者自愿要求院方给予作乙肝肝炎项目检测。\n本人自愿要求给予作乙肝肝炎项目检测。（签名见页脚）"
        }
    },
    {
        "文书名": "乳腺科自费用药、医用消耗品知情同意书",
        "时间": "2020-11-27 10:01:00",
        "jlysxgsj": "",
        "cfysxgsj": "",
        "sjysxgsj": "",
        "录入日期": "2020-11-27 10:01:25",
        "最后修改日期": "2020-11-27 10:01:32",
        "内容": {
            "患者信息": "姓名 性别:女 年龄:61 入院日期:2020.11.27 9:33\n病区名称:乳腺外科一 床号:56 住院号:z217343\n经医疗组医生讨论，由于病情需要，建议必要时使用下列自费药品、医用消耗品:\n药品（耗材）名称:\n手术中根据病情需要，使用电刀、进口缝线、皮钉、麦默通旋切穿刺针（乳房肿物麦默通旋切术）、钛夹（乳腺癌保乳根治术）、乳房假体（乳房重建术）\n规格（ 剂量）:\n用法:\n使用天数:\n按上海市人力资源和社会保障局规定，上述药品、医疗消耗品不属本市医保报销范围，须由病人自费支付。特此告知。"
        }
    },
    {
        "文书名": "冷冻切片病理检查知情同意书",
        "时间": "2020-11-27 10:01:00",
        "jlysxgsj": "",
        "cfysxgsj": "",
        "sjysxgsj": "",
        "录入日期": "2020-11-27 10:01:10",
        "最后修改日期": "2020-11-27 10:01:17",
        "内容": {
            "患者信息": "姓名 性别:女 年龄:61 入院日期:2020.11.27 9:33\n病区名称:乳腺外科一 床号:56 住院号:z217343\n告知内容: 术中快速冷冻切片病理检查是将手术中切取送检的病变组织，速冻后制成切片在显微镜下进行组织学观察。其目的是初步确定病变性质或确定手术切缘等情况，为临床医生确定术中治疗方案提供参考意见。但由于冷冻制片取材局限，时间短，同时在冷冻切片时因低温冷冻，使组织和细胞变异性较大，致使冷冻切片诊断的准确性受到限制。因此，现将有关事项告知如下:\n1、单件标本冷冻切片诊断需要在30分钟内完成，复件标本依此类推。\n2、对于部分难以作出明确诊断的病例，允许延迟诊断，或等待石蜡切片报告。\n3、由于取材的局限性，有时冷冻切片结果可能与最后常规石蜡切片报告不一致。\n4、冷冻切片快速病理检查仅作为临床手术治疗的参考，不能作为最终病理诊断。最后的病理诊断需要根据石蜡切片作出。以上情况提请患者和家属仔细阅读并理解后再签字，并有权选择是否做手术中冷冻切片检查。患者和（或）家属阅读并理解后拒绝签字者，病理医生可以拒绝为患者作术中快速冷冻切片病理检查。",
            "注意事项": "主管医师已向我详细交待了术中快速冷冻切片病理检查的重要性及其注意事项，并且我已仔细阅读上述条款并准确理解其中含义，同意接受术中冷冻切片快速病理检查。如术中冷冻切片快速病理检查结果同最后常规病理结果不一致，导致治疗方案及治疗结果变化，承诺不以此为由追究病理医生和医院的责任。并以签字为证。"
        }
    },
    {
        "文书名": "入院告知书",
        "时间": "2020-11-27 10:01:00",
        "jlysxgsj": "",
        "cfysxgsj": "",
        "sjysxgsj": "",
        "录入日期": "2020-11-27 10:01:03",
        "最后修改日期": "2020-11-27 10:01:10",
        "内容": {
            "患者信息": "姓名 性别:女 年龄:61 入院日期:2020.11.27 9:33\n病区名称:乳腺外科一 床号:56 住院号:z217343\n为了保障患者在我院住院期间享受充分的知情同意权。医务人员将向您告知您的病情，医疗措施，医疗风险等情况，解答您对疾病的咨询。未经患者本人充分知情和签名同意，医务人员将不得进行手术等重大医疗行为。但由于患者各人心理和承受能力不同，以及疾病发展具有不可预测性，为了有利于治疗，请您现授权委托一位您充分信任的代理人，代为行使患者的知情同意权。遵照我国现行相关法律法规的规定，当患者对事物具有一定理解力和判断力的情况下，手术决定权和签字权属于患者本人。但当患者是限制行为能力或无行为能力，可以按照如下规定顺序:配偶—父母—成年子女—其他亲属—经基层组织或法院裁定的其他亲朋，委托其代为行使签字权。但患者具有完全民事行为能力时，也可以委托亲属或单位行使知情同意权，但必须有患者本人和委托代理人共同签署的“授权委托书”留作证明。在紧急情况下，如果近亲属不在场，无法及时签字，可由医疗机构负责人或授权的负责人签字或医院委托他人（单位）签字。我院将根据您签名出具的“授权委托书”，视代理人的代理行为为您本人真实意思的表示。\n为了让医生给您制定最佳的治疗方案，请您务必客观、真实地向医生提供您的病史资料及相关情况；如您对住院期间的治疗过程有异议的，可向您的经治医师、主管科室主任提出，也可向医院医务处/护理部反映，联系电话:665823/665822分机，我院将本着客观、公正的原则尽力予以协调解决；如对医院的处理意见不满意，您也可以通过医疗事故鉴定或法院诉讼予以解决。您在我院如产生医疗争议，由我院所在地人民法院管辖。特此告知。\n上述告知书内容本人已充分理解，患者手写:＿＿＿＿＿＿＿＿＿＿＿＿＿\n本人决定选择以下方式（不选择处划掉）:\n1、向贵院出具“授权委托书”指定代理人；\n2、本人决定不委托代理人，如本人病情出现紧急情况，授权经治医师决定治疗方案，如有医疗风险和不良后果，由本人自行负责。"
        }
    },
    {
        "文书名": "患者授权委托书",
        "时间": "2020-11-27 10:02:00",
        "jlysxgsj": "",
        "cfysxgsj": "",
        "sjysxgsj": "",
        "录入日期": "2020-11-27 10:02:09",
        "最后修改日期": "2020-11-27 10:02:15",
        "内容": {
            "患者信息": "姓名 性别:女 年龄:61 入院日期:2020.11.27 9:33\n病区名称:乳腺外科一 床号:56 住院号:z217343\n为有利于本人的疾病治疗，兹委托 （与患者关系: ）为本人的代理人。听取医疗机构告知有关本人的病情、医疗措施、医疗风险等情况，全权处理本人在诊疗过程中的一切事物并在手术同意书等需患者签名同意的医疗文书上签名，代理本人行使知情同意权和选择权。经代理人签名同意所实施的诊疗行为，若产生不良后果将由本人承担。\n此致\n委托人（患者）姓名 性别 : 女 年龄:61\n病区名称:乳腺外科一 床号:56 住院号:z217343\n受托人姓名: 性别 : 年龄: 身份证号:\n联系电话: 地址:"
        }
    },
    {
        "文书名": "乳腺中心首次病程记录",
        "时间": "2020-11-27 10:04:00",
        "jlysxgsj": "",
        "cfysxgsj": "",
        "sjysxgsj": "2020-11-27 10:04:24",
        "录入日期": "2020-11-27 10:04:25",
        "最后修改日期": "2020-12-03 10:49:08",
        "内容": {
            "病例特点": "主诉:体检发现右乳肿物11天，确诊右乳癌6天。\n现病史:患者1周前体检发现右乳一肿物，大小约2cm，活动度差，无压痛，无乳房局部皮肤破溃红肿，皮肤无变薄，皮下未见扩张静脉，乳头皮肤无湿疹样改变。无乳头溢液。2020-11-16瑞金北院乳腺超声示:右乳肿物，位于9点钟方向，大小约21.2*14.7mm。2020-11-21于瑞金医院北院行右乳肿物粗针穿刺术，术后穿刺病理示:“右乳穿刺标本”浸润性癌。本次为行进一步诊治，门诊拟“右乳恶性肿瘤”收治入院。\n自发病以来，患者神清，精神可，睡眠胃纳可，二便正常，体重无明显增减。\n查体:双乳对称；双乳皮肤无红肿、破溃、凹陷、橘皮样变；双侧乳头等高、无凹陷、无歪斜，无乳头湿疹样改变，未见陈旧手术疤痕；右乳外上可扪及一直径约2 cm肿块，质地硬，活动度差，边界不清，肿块与皮肤无粘连，无明显触痛。无溢液。对侧乳腺未及明确肿块。双侧腋窝及双侧锁骨上不可扪及异常肿大淋巴结。\n辅检:\n2020-11-16瑞金北院乳腺超声示:右乳肿物，位于9点钟方向，大小约21.2*14.7mm。\n2020-11-21于瑞金医院北院行右乳肿物粗针穿刺术，术后穿刺病理（病理号:2020-22050）示:“右乳穿刺标本”浸润性癌。",
            "初步诊断": "乳腺恶性肿瘤(右乳)",
            "诊断依据": "1、患者，女，61岁。\n2、主诉:体检发现右乳肿物11天，确诊右乳癌6天。\n3、查体:双乳对称；双乳皮肤无红肿、破溃、凹陷、橘皮样变；双侧乳头等高、无凹陷、无歪斜，无乳头湿疹样改变，未见陈旧手术疤痕；右乳外上可扪及一直径约2 cm肿块，质地硬，活动度差，边界不清，肿块与皮肤无粘连，无明显触痛。无溢液。对侧乳腺未及明确肿块。双侧腋窝及双侧锁骨上不可扪及异常肿大淋巴结。\n4、辅检:",
            "鉴别诊断": "患者病理已明确为右乳癌无需鉴别。",
            "诊疗计划": "1.完善术前检查，如血尿常规，肝肾功能电解质，心电图等排除手术禁忌\n2.予以行双乳及其引流区域淋巴结B超明确肿块性质并对其定位，了解有无扩张导管、导管内病变；行钼靶，了解有无可疑恶性钙化灶；行双乳MRI排除多灶性乳腺癌，并了解对侧乳房有无可疑病灶。\n3.该患者病理明确为右乳癌，故行胸部CT排除手术禁忌症及肺部转移可能；腹部B超排除腹部脏器转移可能。\n4.根据检查结果制定下一步治疗方案。"
        }
    },
    {
        "文书名": "在院评估单",
        "时间": "2020-11-28 08:12:00",
        "jlysxgsj": "",
        "cfysxgsj": "",
        "sjysxgsj": "",
        "录入日期": "2020-11-28 08:13:15",
        "最后修改日期": "2020-11-30 08:12:07",
        "内容": {
            "基础评估": "1.生活自理能力评估: Barthel指数总分100分。2.活动能力评估: 步态稳定 ；活动状态:活动自如 。 3.意识状况评估:神志: 清醒 ，感知觉未受损（对指令有反应，能准确表达疼痛和不适） 。 4.粘膜与皮肤状况评估:颜色: 正常 ；温度: 正常 ；湿度: 正常（皮肤经常保持干燥，只需常规更换床单） ；皮肤完整性: 完整 。 无 水肿 ；无 静脉炎 ；无 瘙痒；无 麻木；无 灼烧感 。5.疼痛: 无 疼痛 。 6.排泄: 无 失禁 。 7.意外事件评估: 未发生意外事件。\n患者昨夜睡眠: 易醒\n营养状况评估:良好(饮食摄入和平时一样，每餐有蛋白质摄入) ，无营养支持。\n危重症程度评估: 无 严重器官系统功能不全。 无 免疫损害。 格拉斯评分: 15分 。 危重症评分: 0分 。\n高危因素的筛查\n该病人目前不存在跌倒风险\n该病人目前不存在压疮风险。\n分级护理级别: 该病人分级护理建议为三级护理。",
            "置管状态": "无置管。\n【医学元素\\签名\\护士签名2-护理评估】\n【医学元素\\签名\\护士签名3-护理评估】\n【医学元素\\签名\\护士长签名-护理评估】"
        }
    },
    {
        "文书名": "乳腺中心主治医师首次查房记录",
        "时间": "2020-11-28 09:00:00",
        "jlysxgsj": "",
        "cfysxgsj": "",
        "sjysxgsj": "2020-11-28 11:16:48",
        "录入日期": "2020-11-28 11:16:55",
        "最后修改日期": "2020-12-03 10:51:28",
        "内容": {
            "TM员工名称TM 主治医生查房": "补充的病史和体征: 患者有 激素类食物药物服用史，无 乳腺癌家族史。\n诊断依据与鉴别诊断的分析:",
            "诊断": "乳腺恶性肿瘤(右乳)",
            "诊断依据": "1.患者为老年女性。\n2.因体检发现右乳肿物11天，确诊右乳癌6天入院。\n3.查体:双乳对称；双乳皮肤无红肿、破溃、凹陷、橘皮样变；双侧乳头等高、无凹陷、无歪斜，无乳头湿疹样改变，未见陈旧手术疤痕；右乳外上可扪及一直径约2 cm肿块，质地硬，活动度差，边界不清，肿块与皮肤无粘连，无明显触痛。无溢液。对侧乳腺未及明确肿块。双侧腋窝及双侧锁骨上不可扪及异常肿大淋巴结。\n4.辅检:\n2020-11-16瑞金北院乳腺超声示:右乳肿物，位于9点钟方向，大小约21.2*14.7mm。\n2020-11-21于瑞金医院北院行右乳肿物粗针穿刺术，术后穿刺病理（病理号:2020-22050）示:“右乳穿刺标本”浸润性癌。",
            "鉴别诊断": "1.乳腺脂肪坏死:多见于有乳腺外伤史的中老年女性，乳腺包块长时间无变化或缩小。肿块质硬，边界不清，活动差，可有皮肤红肿或与皮肤粘连，针吸或切除活检有助于鉴别。该患者病理已明确为右乳癌无需鉴别。\n2.分叶状肿瘤:乳腺分叶状肿瘤发病TM员工名称TM在40-50岁，主要表现为无痛性单发肿块，一般进展缓慢，病程较长，部分患者肿块短期内可突然增大，肿块多位于外上象限，活动度好，边界清楚，触诊或B超可见叶状结构，肿块很大时表面皮肤可见扩张静脉，淋巴结转移少见。体格检查、影像学检查及细针抽吸细胞学检查均不能完全与纤维腺瘤鉴别，确诊需依靠切除活检病理。该患者病理已明确为右乳癌无需鉴别。",
            "诊疗计划": "1.患者已完成血常规，肝肾功能电解质血糖及尿常规，凝血功能检查，未见手术禁忌症，待患者完善术前影像学检查后决定具体治疗方案。"
        }
    },
    {
        "文书名": "乳腺中心主任医师首次查房记录",
        "时间": "2020-11-29 09:00:00",
        "jlysxgsj": "",
        "cfysxgsj": "",
        "sjysxgsj": "2020-11-28 11:17:20",
        "录入日期": "2020-11-28 11:17:23",
        "最后修改日期": "2020-12-03 10:58:25",
        "内容": {
            "TM员工名称TM 主任医生查房": "",
            "补充病史与体征": "无补充病史与体征。",
            "对病情的分析": "患者为年龄61 岁女性，主诉:体检发现右乳肿物11天，确诊右乳癌6天。 结合患者病史、查体及辅检，患者已行右乳肿物粗针穿刺术，术后穿刺病理示:“右乳穿刺标本”浸润性癌。邀我院故可行病理科会诊，如明确为右乳癌，则予以行右乳癌单纯乳房切除术+前哨淋巴结活检术备腋窝淋巴结清扫术。",
            "查体": "双乳对称；双乳皮肤无红肿、破溃、凹陷、橘皮样变；双侧乳头等高、无凹陷、无歪斜，无乳头湿疹样改变，未见陈旧手术疤痕；右乳外上可扪及一直径约2 cm肿块，质地硬，活动度差，边界不清，肿块与皮肤无粘连，无明显触痛。无溢液。对侧乳腺未及明确肿块。双侧腋窝及双侧锁骨上不可扪及异常肿大淋巴结。",
            "入院后辅助检查": "2020-11-28 心电图:T波改变。",
            "诊疗意见": "嘱咐患者外院借片至我院故可行病理科会诊。"
        }
    },
    {
        "文书名": "在院评估单",
        "时间": "2020-11-29 09:02:00",
        "jlysxgsj": "",
        "cfysxgsj": "",
        "sjysxgsj": "",
        "录入日期": "2020-11-29 09:02:49",
        "最后修改日期": "2020-11-29 09:02:48",
        "内容": {
            "基础评估": "1.生活自理能力评估: Barthel指数总分100分。2.活动能力评估: 步态稳定 ；活动状态:活动自如 。 3.意识状况评估:神志: 清醒 ，感知觉未受损（对指令有反应，能准确表达疼痛和不适） 。 4.粘膜与皮肤状况评估:颜色: 正常 ；温度: 正常 ；湿度: 正常（皮肤经常保持干燥，只需常规更换床单） ；皮肤完整性: 完整 。 无 水肿 ；无 静脉炎 ；无 瘙痒；无 麻木；无 灼烧感 。5.疼痛: 无 疼痛 。 6.排泄: 无 失禁 。 7.意外事件评估: 未发生意外事件。\n患者昨夜睡眠: 易醒\n营养状况评估:良好(饮食摄入和平时一样，每餐有蛋白质摄入) ，无营养支持。\n危重症程度评估: 无 严重器官系统功能不全。 无 免疫损害。 格拉斯评分: 15分 。 危重症评分: 4分 。\n高危因素的筛查\n该病人目前不存在跌倒风险\n该病人目前不存在压疮风险。\n分级护理级别: 该病人分级护理建议为三级护理。",
            "置管状态": "无置管。\n【医学元素\\签名\\护士签名2-护理评估】\n【医学元素\\签名\\护士签名3-护理评估】\n【医学元素\\签名\\护士长签名-护理评估】"
        }
    },
    {
        "文书名": "在院评估单",
        "时间": "2020-11-30 08:26:00",
        "jlysxgsj": "",
        "cfysxgsj": "",
        "sjysxgsj": "",
        "录入日期": "2020-11-30 08:27:44",
        "最后修改日期": "2020-11-30 08:27:45",
        "内容": {
            "基础评估": "1.生活自理能力评估: Barthel指数总分100分。2.活动能力评估: 步态稳定 ；活动状态:活动自如 。 3.意识状况评估:神志: 清醒 ，感知觉未受损（对指令有反应，能准确表达疼痛和不适） 。 4.粘膜与皮肤状况评估:颜色: 正常 ；温度: 正常 ；湿度: 正常（皮肤经常保持干燥，只需常规更换床单） ；皮肤完整性: 完整 。 无 水肿 ；无 静脉炎 ；无 瘙痒；无 麻木；无 灼烧感 。5.疼痛: 无 疼痛 。 6.排泄: 无 失禁 。 7.意外事件评估: 未发生意外事件。\n患者昨夜睡眠: 易醒\n营养状况评估:良好(饮食摄入和平时一样，每餐有蛋白质摄入) ，无营养支持。\n危重症程度评估: 无 严重器官系统功能不全。 无 免疫损害。 格拉斯评分: 15分 。 危重症评分: 4分 。\n高危因素的筛查\n该病人目前不存在跌倒风险\n该病人目前不存在压疮风险。\n分级护理级别: 该病人分级护理建议为三级护理。",
            "置管状态": "无置管。\n【医学元素\\签名\\护士签名2-护理评估】\n【医学元素\\签名\\护士签名3-护理评估】\n【医学元素\\签名\\护士长签名-护理评估】"
        }
    },
    {
        "文书名": "乳腺癌改良根治术前知情同意书",
        "时间": "2020-11-30 16:54:00",
        "jlysxgsj": "",
        "cfysxgsj": "",
        "sjysxgsj": "",
        "录入日期": "2020-11-30 16:55:33",
        "最后修改日期": "2020-11-30 16:55:33",
        "内容": {
            "患者信息": "姓名 性别:女 年龄:61 入院日期:2020.11.27 9:33\n病区名称:乳腺外科一 床号:56 住院号:z217343\n手术前检查结果: 已完善\n手术(操作)前拟诊: 右乳恶性肿瘤\n拟定手术(操作)名称: 右乳癌单纯切除+前哨备腋清",
            "告知内容": "1、麻醉过程中呼吸，心跳骤停，脑卒中，截瘫，肢体瘫痪。麻醉插管后声音嘶哑，喉部水肿等。麻醉相关的危险性由麻醉医生另行告知。\n2、病员年迈或伴心脑肺等疾病以及潜在的上述疾病，术中及术后可能突发意外甚至死亡。\n3、难以控制的出血，渗血而危及生命。\n4、因解剖变异或病变侵犯周围脏器，发生难以预料的器官损伤而须部分或全部切除。\n5、术中发现其他病变，须改变原手术方案，亦可能无法进行预期手术。\n6、术后出血，渗血不止，也可能再次进行手术止血。\n7、术后发生肺不张，肺炎，胸腔积液和呼吸功能衰竭等并发症。\n8、发生心律失常，心力衰竭，心肌梗死，脑卒中，深静脉血栓形成，肺梗塞，动脉栓塞等心血管并发症。\n9、急性肾功能衰竭，如尿少，尿闭或多尿等，肝功能衰竭，如黄疸，腹水进行性加重和肝性脑病等。\n10、原有心肺肝肾等脏器功能进一步减退。\n11、应激性溃疡出血，出血性休克。\n12、术后感染，包括全身性菌血症，败血症等。\n13、切口血肿，积液，感染或裂开等。\n14、糖尿病患者出现先上述各项并发症几率增加。\n15、术后出现全身并发症，导致死亡。\n16、目前医学科学尚不能解释和解决的意外。\n17、术中前哨淋巴结阴性,将仅切除前哨淋巴结;术中前哨淋巴结阳性,清除淋巴结。术后病理报告前哨淋巴结有癌细胞转移，可能需要再次手术清除腋窝淋巴结。\n18、术中经肋间或胸腔镜切除内乳淋巴结，术中胸膜破裂，引起血气胸，胸腔感染，置胸腔引流。\n19、术中病理检查提示良性，术后病理提示恶性，须再次手术，术中病理不能确诊，根据术后病理学检查结果决定是否需要再次手术。\n20、由于病变范围较大，手术创面难以一期缝合，须自腹壁或下肢等部位取皮移植。\n21、移植皮坏死，供皮区感染，术后瘢痕增生。\n22、术后皮瓣积液，感染，坏死。术后再次手术置管，切痂，多次植皮，长期不愈。\n23、术中损伤腋静脉，锁骨下静脉，腋动脉等，引起失血性休克，气栓；术后腋静脉血栓，异味心肺脑梗塞；必要时再次手术取血栓。\n24、术后胸壁，上肢感觉异常，麻木，疼痛等。上肢水肿，功能障碍，胸肌萎缩，胸壁畸形。\n25、术后局部胸壁，腋窝，锁骨区腹发；远处肝肺脑骨等多器官转移。\n26、术前行新辅助化疗病人，术后常规病理检查可能提示原发灶消失，仅为变性，坏死组织。\n27、术中根据病理检查结果，术中对肿瘤和腋窝淋巴结转移的肉眼所见，手术医生有改变术前确定手术方式的权利。如果改变手术方式，是否需要通知家属再次手术签字:\na、需要，请签字并附加签授权同意书。b、不需要。\n替代医疗方案:\n□ 保乳手术:\n优点:保留乳房，手术创伤小，手术时间短；外形美观。\n缺点:部分患者不适宜保乳手术，如肿块较大、离乳头乳晕较近、多灶性病变等；同侧大量腺体残余，有同侧再发肿瘤风险；术后需辅以放疗。\n□ 单纯乳房切除术+假体植入术±背阔肌转移:\n优点:重建乳房外形，外形美观\n缺点:手术时间长，手术创伤大；若乳头保留有有乳头缺血坏死风险；术后放疗可能引起假体挛缩\n□ 肿块或象限切除术:\n优点:手术时间短、创伤小。\n缺点:仅为姑息性手术，不能达到根治目的；肿块切除后仍有有肿瘤复发、进展或远处转移可能。\n对上述手术风险及并发症，如患者或委托人不理解可以向医生咨询，在充分理解以后决定是否选择手术治疗或按替代医疗方案实施。请在文本上写明意见并签名。",
            "注意事项": "1、若患者（或委托者）确实还不理解以上谈话内容或难以接受可能出现的严重后果，请不要签名并暂缓手术。\n2、患者（或委托者）应明确:凡在本记录签名后，表明患者（或委托人）已完全明白上述意外和并发症发生的可能性，并对此有充分的思想准备，请慎重考虑后填写。\n3、本同意书具有法律效应，可以作为法庭呈供证据。\n患者（或委托人）意见: 单位负责人意见:\n患者（或委托人）签字: 单位负责人签名:\n委托人与患者关系: 单位名称:\n术中发生意外情况，再次与家属谈话:\n家属签名: 与病人的关系:"
        }
    },
    {
        "文书名": "日常病程记录",
        "时间": "2020-12-01 09:00:00",
        "jlysxgsj": "",
        "cfysxgsj": "",
        "sjysxgsj": "2020-12-03 11:00:47",
        "录入日期": "2020-12-03 11:03:25",
        "最后修改日期": "2020-12-04 14:46:54",
        "内容": {
            "文本": "TM员工名称TM 主治医师查房 主诉:患者无不适。\n查体:双乳对称；双乳皮肤无红肿、破溃、凹陷、橘皮样变；双侧乳头等高、无凹陷、无歪斜，无乳头湿疹样改变，未见陈旧手术疤痕；右乳外上可扪及一直径约2 cm肿块，质地硬，活动度差，边界不清，肿块与皮肤无粘连，无明显触痛。无溢液。对侧乳腺未及明确肿块。双侧腋窝及双侧锁骨上不可扪及异常肿大淋巴结。\n辅检:\n2020-11-30 肝、胆、胰、脾、肾彩色超声:胆囊壁胆固醇结晶；肝胰体脾肾未见明显异常。\n2020-11-30 乳腺三维彩色超声及其引流区淋巴结、锁骨上淋巴结+定位:于右侧乳腺可见一大小约16.2×13.3×18.7mm团块，位于约8-9点钟方向，拟US-BI－RADS 6类，双侧腋窝及双侧锁骨上未见明显异常肿大淋巴结。\n2020-11-30 乳腺X线摄影:右乳外下象限肿块伴钙化，拟 BI-RADS 6 类；双侧腺体结构紊乱，左乳数枚小斑点状钙化，拟 BI-RADS 2 类。请结合临床查体及其它检查，随访。\n2020-11-30 胸部CT(薄层)平扫:右乳团块影。两肺多发微小结节；两侧胸膜稍粘连；请结合临床及其他相关检查，随诊。\n2020-12-01 乳腺术前评估MRI平扫:右乳外下象限肿块，请结合乳腺增强MRI图像评估。\n乳腺MR增强图像已阅，报告未回。\n【故可行病理科会诊】（右乳穿刺标本）浸润性癌。 I2020-17127:肿瘤细胞 ER（90%+，强），PR（80%+，强），Her-2（2+），Ki-67（5%+），E-cadherin（+），P120（膜+），GATA3（+）；P63（-）示肌上皮缺失。\n处理:\n1.患者术前检查基本完善，暂无手术禁忌，拟2020-12-01全麻下行右乳癌单纯乳房切除术+前哨淋巴结活检术备腋窝淋巴结清扫术。"
        }
    },
    {
        "文书名": "在院评估单",
        "时间": "2020-12-01 09:13:00",
        "jlysxgsj": "",
        "cfysxgsj": "",
        "sjysxgsj": "",
        "录入日期": "2020-12-01 09:14:23",
        "最后修改日期": "2020-12-01 09:14:23",
        "内容": {
            "基础评估": "1.生活自理能力评估: Barthel指数总分100分。2.活动能力评估: 步态稳定 ；活动状态:活动自如 。 3.意识状况评估:神志: 清醒 ，感知觉未受损（对指令有反应，能准确表达疼痛和不适） 。 4.粘膜与皮肤状况评估:颜色: 正常 ；温度: 正常 ；湿度: 正常（皮肤经常保持干燥，只需常规更换床单） ；皮肤完整性: 完整 。 无 水肿 ；无 静脉炎 ；无 瘙痒；无 麻木；无 灼烧感 。5.疼痛: 无 疼痛 。 6.排泄: 无 失禁 。 7.意外事件评估: 未发生意外事件。\n患者昨夜睡眠: 易醒\n营养状况评估:良好(饮食摄入和平时一样，每餐有蛋白质摄入) ，无营养支持。\n危重症程度评估: 无 严重器官系统功能不全。 无 免疫损害。 格拉斯评分: 15分 。 危重症评分: 4分 。\n高危因素的筛查\n该病人目前不存在跌倒风险\n该病人目前不存在压疮风险。\n分级护理级别: 该病人分级护理建议为三级护理。",
            "置管状态": "无置管。\n【医学元素\\签名\\护士签名2-护理评估】\n【医学元素\\签名\\护士签名3-护理评估】\n【医学元素\\签名\\护士长签名-护理评估】 2"
        }
    },
    {
        "文书名": "乳腺中心术前讨论记录",
        "时间": "2020-12-01 09:15:00",
        "jlysxgsj": "",
        "cfysxgsj": "",
        "sjysxgsj": "2020-12-03 11:13:43",
        "录入日期": "2020-12-03 11:05:08",
        "最后修改日期": "2020-12-03 11:20:44",
        "内容": {
            "讨论日期": "2020-12-01 09:15",
            "参加讨论者": "TM员工名称TM，主任医师；TM员工名称TM，主治医师；TM员工名称TM，住院医师。",
            "病史回顾": "患者1周前体检发现右乳一肿物，大小约2cm，活动度差，无压痛，无乳房局部皮肤破溃红肿，皮肤无变薄，皮下未见扩张静脉，乳头皮肤无湿疹样改变。无乳头溢液。2020-11-16瑞金北院乳腺超声示:右乳肿物，位于9点钟方向，大小约21.2*14.7mm。2020-11-21于瑞金医院北院行右乳肿物粗针穿刺术，术后穿刺病理示:“右乳穿刺标本”浸润性癌。本次为行进一步诊治，门诊拟“右乳恶性肿瘤”收治入院。\n自发病以来，患者神清，精神可，睡眠胃纳可，二便正常，体重无明显增减。\n查体:双乳对称；双乳皮肤无红肿、破溃、凹陷、橘皮样变；双侧乳头等高、无凹陷、无歪斜，无乳头湿疹样改变，未见陈旧手术疤痕；右乳外上可扪及一直径约2 cm肿块，质地硬，活动度差，边界不清，肿块与皮肤无粘连，无明显触痛。无溢液。对侧乳腺未及明确肿块。双侧腋窝及双侧锁骨上不可扪及异常肿大淋巴结。",
            "手术指征": "1.我院故可行病理科会诊明确为右乳癌，具备手术指征。\n2.患者术前已完善相关检查，暂无手术禁忌。患者及家属充分理解手术必要。",
            "手术方案": "右乳癌单纯乳房切除术+前哨淋巴结活检术备腋窝淋巴结清扫术 是否需要分期手术:否",
            "术前准备情况": "一般情况可，生命体征平稳，心肺无殊，体温正常，手术禁忌症已排除，适应症明确。",
            "可能出现的意外及防范措施": "1、出血:术中严密止血。2、感染:严格无菌操作。3、损伤周围神经及软组织:小心操作。",
            "具体讨论意见": "TM员工名称TM 住院医师意见:患者右乳肿物病理证实为恶性，需进一步手术。\nTM员工名称TM 主治医师意见:患者右乳癌病理明确，结合患者影像学检查结果，可行右乳癌单纯乳房切除术+前哨淋巴结活检术备腋窝淋巴结清扫术。\nTM员工名称TM 主任医师意见:同意行右乳癌单纯乳房切除术+前哨淋巴结活检术备腋窝淋巴结清扫术。",
            "主持人小结意见": "同意 行右乳癌单纯乳房切除术+前哨淋巴结活检术备腋窝淋巴结清扫术。"
        }
    },
    {
        "文书名": "乳腺中心术前小结",
        "时间": "2020-12-01 09:30:00",
        "jlysxgsj": "",
        "cfysxgsj": "",
        "sjysxgsj": "2020-12-03 11:17:25",
        "录入日期": "2020-12-03 11:18:44",
        "最后修改日期": "2020-12-03 11:18:43",
        "内容": {
            "病史回顾": "患者1周前体检发现右乳一肿物，大小约2cm，活动度差，无压痛，无乳房局部皮肤破溃红肿，皮肤无变薄，皮下未见扩张静脉，乳头皮肤无湿疹样改变。无乳头溢液。2020-11-16瑞金北院乳腺超声示:右乳肿物，位于9点钟方向，大小约21.2*14.7mm。2020-11-21于瑞金医院北院行右乳肿物粗针穿刺术，术后穿刺病理示:“右乳穿刺标本”浸润性癌。本次为行进一步诊治，门诊拟“右乳恶性肿瘤”收治入院。\n自发病以来，患者神清，精神可，睡眠胃纳可，二便正常，体重无明显增减。\n查体:双乳对称；双乳皮肤无红肿、破溃、凹陷、橘皮样变；双侧乳头等高、无凹陷、无歪斜，无乳头湿疹样改变，未见陈旧手术疤痕；右乳外上可扪及一直径约2 cm肿块，质地硬，活动度差，边界不清，肿块与皮肤无粘连，无明显触痛。无溢液。对侧乳腺未及明确肿块。双侧腋窝及双侧锁骨上不可扪及异常肿大淋巴结。 主刀医生TM员工名称TM主任医师 术前查看患者情况: 一般情况可，生命体征平稳，心肺无殊，体温正常，手术禁忌症已排除，适应症明确。",
            "术前诊断": "乳腺恶性肿瘤(右乳浸润性癌)",
            "手术指征": "1.我院故可行病理科会诊明确为右乳癌，具备手术指征。\n2.患者术前已完善相关检查，暂无手术禁忌。患者及家属充分理解手术必要。",
            "拟施手术名称": "右乳癌单纯乳房切除术+前哨淋巴结活检术备腋窝淋巴结清扫术",
            "拟施手术方式": "右乳癌单纯乳房切除术+前哨淋巴结活检术备腋窝淋巴结清扫术",
            "拟施麻醉方式": "全麻",
            "注意事项": "1、出血:术中严密止血。2、感染:严格无菌操作。3、损伤周围神经及软组织:小心操作。"
        }
    },
    {
        "文书名": "手术记录单(试用)",
        "时间": "2020-12-01 14:05:00",
        "jlysxgsj": "",
        "cfysxgsj": "",
        "sjysxgsj": "2020-12-03 11:20:36",
        "录入日期": "2020-12-01 14:01:10",
        "最后修改日期": "2020-12-03 11:20:37",
        "内容": {
            "手术日期": "2020-12-01 10:25\n术前诊断: 乳腺恶性肿瘤(右乳浸润性癌)\n术中诊断: 乳腺恶性肿瘤(右乳浸润性癌)\n手术名称: 单侧乳房切除术(右乳)；前哨淋巴结活组织检查(右侧)；腋下淋巴结根治性切除术(右侧)；\n手术者及助手姓名: TM员工名称TM，TM员工名称TM，TM员工名称TM，TM员工名称TM，TM员工名称TM\n麻醉方式: 全麻。\n手术经过: 患者平卧位，双侧上肢外展，麻醉后消毒铺巾。将5ml美兰注入右乳乳头乳晕区 ，按摩5分钟。10号刀片取右 侧腋窝弧形切口约5cm，电刀逐层切开皮肤、皮下脂肪，直达腋窝，沿腋窝蓝染淋巴管找到第一站蓝染的淋巴结予以切除，送术中冰冻病理，结果示:“右腋窝前哨淋巴结1”送检组织脂肪含量较多，冰冻制片未能展现完整组织学结构，待石蜡切片进一步诊断。 “右腋窝前哨淋巴结2”淋巴结可见转移癌（1/1）（宏转移）。 “右腋窝前哨旁淋巴脂肪组织”送检组织脂肪含量较多，冰冻制片未能展现完整组织学结构，待石蜡切片进一步诊断。故行右 乳癌改良根治术。于右 乳行20cm斜梭形切口，两端达乳房边缘。以10号刀片切开皮肤及皮下组织。提起皮瓣边缘，以电刀于脂肪组织层潜行分离，上至同侧锁骨下，下至腹直肌前鞘，外至同侧背阔肌前缘，内至同侧胸骨中线。由内向外以电刀分离乳房及胸大肌筋膜至胸大肌外缘，分离胸大、小肌间和胸小肌外缘及深面淋巴结脂肪组织。从腋窝前上向后游离，显露喙肱肌下缘。于此以电刀分离锁胸筋膜。显露腋血管，锐性游离。结扎腋血管的小分支，保护胸长神经、胸背神经与肩胛下血管。廓清腋窝淋巴结、脂肪等软组织。将标本移除。牵开胸大肌，清除胸大小肌间及锁骨上下淋巴结及软组织。仔细止血，冲洗切口。更换手套。分别于胸壁及腋下置14及16号引流管各一根，分别自下皮瓣与锁骨中线和腋前线交点戳创引出，2-0丝线固定引流管，引流管下接负吸引流瓶。4-0丝线间断缝合皮下组织，4-0可吸收薇桥连续皮内缝合皮肤。伤口张力适中，引流管引流通畅。妥当包扎，腋下纱球加压。手术顺利。术毕安返。\n术中出现的情况及处理: 术顺无殊。"
        }
    },
    {
        "文书名": "乳腺中心术后首次病程记录",
        "时间": "2020-12-01 15:05:00",
        "jlysxgsj": "",
        "cfysxgsj": "",
        "sjysxgsj": "2020-12-03 11:21:56",
        "录入日期": "2020-12-03 11:21:57",
        "最后修改日期": "2020-12-03 11:21:57",
        "内容": {
            "手术时间": "2020-12-01 10:25",
            "术中诊断": "乳腺恶性肿瘤(右乳浸润性癌)",
            "麻醉方式": "全麻",
            "手术方式": "右乳癌单纯乳房切除术+前哨淋巴结活检术+腋窝淋巴结清扫术",
            "手术简要经过": "患者平卧位，双侧上肢外展，麻醉后消毒铺巾。将5ml美兰注入右乳乳头乳晕区 ，按摩5分钟。10号刀片取右 侧腋窝弧形切口约5cm，电刀逐层切开皮肤、皮下脂肪，直达腋窝，沿腋窝蓝染淋巴管找到第一站蓝染的淋巴结予以切除，送术中冰冻病理，结果示:“右腋窝前哨淋巴结1”送检组织脂肪含量较多，冰冻制片未能展现完整组织学结构，待石蜡切片进一步诊断。 “右腋窝前哨淋巴结2”淋巴结可见转移癌（1/1）（宏转移）。 “右腋窝前哨旁淋巴脂肪组织”送检组织脂肪含量较多，冰冻制片未能展现完整组织学结构，待石蜡切片进一步诊断。故行右 乳癌改良根治术。于右 乳行20cm斜梭形切口，两端达乳房边缘。以10号刀片切开皮肤及皮下组织。提起皮瓣边缘，以电刀于脂肪组织层潜行分离，上至同侧锁骨下，下至腹直肌前鞘，外至同侧背阔肌前缘，内至同侧胸骨中线。由内向外以电刀分离乳房及胸大肌筋膜至胸大肌外缘，分离胸大、小肌间和胸小肌外缘及深面淋巴结脂肪组织。从腋窝前上向后游离，显露喙肱肌下缘。于此以电刀分离锁胸筋膜。显露腋血管，锐性游离。结扎腋血管的小分支，保护胸长神经、胸背神经与肩胛下血管。廓清腋窝淋巴结、脂肪等软组织。将标本移除。牵开胸大肌，清除胸大小肌间及锁骨上下淋巴结及软组织。仔细止血，冲洗切口。更换手套。分别于胸壁及腋下置14及16号引流管各一根，分别自下皮瓣与锁骨中线和腋前线交点戳创引出，2-0丝线固定引流管，引流管下接负吸引流瓶。4-0丝线间断缝合皮下组织，4-0可吸收薇桥连续皮内缝合皮肤。伤口张力适中，引流管引流通畅。妥当包扎，腋下纱球加压。手术顺利。术毕安返。",
            "术后处理措施": "术后胸带加压包扎伤口，常规补液支持。",
            "术后应当特别注意观察的事项": "密切监测生命体征，注意伤口有无活动性渗血，引流液量、色。"
        }
    },
    {
        "文书名": "在院评估单",
        "时间": "2020-12-01 15:11:00",
        "jlysxgsj": "",
        "cfysxgsj": "",
        "sjysxgsj": "",
        "录入日期": "2020-12-01 15:13:04",
        "最后修改日期": "2020-12-01 15:13:04",
        "内容": {
            "基础评估": "1.生活自理能力评估: Barthel指数总分50分。2.活动能力评估: 步态因卧床无法评估 ；活动状态:卧床 ，能自行翻身 ，移动患者时，摩擦力和剪切力无明显问题（可独立在床上或椅子上移动，移动时有足够的肌力将身体抬高，坐在椅子或床上随时都可以维持良好的体位） 。 3.意识状况评估:神志: 清醒 ，感知觉未受损（对指令有反应，能准确表达疼痛和不适） 。 4.粘膜与皮肤状况评估:颜色: 正常 ；温度: 正常 ；湿度: 正常（皮肤经常保持干燥，只需常规更换床单） ；皮肤完整性: 不完整 ，皮肤不完整原因切口 ，切口部位 胸部 。 无 水肿 ；无 静脉炎 ；无 瘙痒；无 麻木；无 灼烧感 。5.疼痛: 有 疼痛，切口疼痛，呈间隙性疼痛，轻度（注意时，有觉察） ，疼痛评分2分 。 6.排泄: 无 失禁 。 7.意外事件评估: 未发生意外事件。\n营养状况评估:良好(饮食摄入和平时一样，每餐有蛋白质摄入) ，无营养支持。\n危重症程度评估: 无 严重器官系统功能不全。 无 免疫损害。 格拉斯评分: 15分 。 危重症评分: 4分 。\n高危因素的筛查\n该病人目前不存在跌倒风险\n该病人目前不存在压疮风险。\n分级护理级别: 该病人分级护理建议为一级护理。",
            "置管状态": "留置导尿管: 类型:双腔导尿管；尿液颜色:正常 ；固定:正确；护理:已落实；\n其他导管:\n名称:右胸壁；性质:单腔；连接方式:负吸球；固定:正确；护理:已落实；\n名称:右腋窝；性质:单腔；连接方式:负吸球；固定:正确；护理:已落实；\n【医学元素\\签名\\护士签名2-护理评估】\n【医学元素\\签名\\护士签名3-护理评估】\n【医学元素\\签名\\护士长签名-护理评估】"
        }
    },
    {
        "文书名": "乳腺中心术后当日记录",
        "时间": "2020-12-01 17:05:00",
        "jlysxgsj": "",
        "cfysxgsj": "",
        "sjysxgsj": "2020-12-03 11:25:56",
        "录入日期": "2020-12-03 11:25:59",
        "最后修改日期": "2020-12-03 11:25:59",
        "内容": {
            "观察记录": "患者今日全麻下行右乳癌单纯乳房切除术+前哨淋巴结活检术+腋窝淋巴结清扫术，术顺安返。留置导尿中。\n术后1h记录:目前患者麻醉已清醒，对答切题，无不适主诉，生命体征平稳，血压144/79 mmHg，心率72 次/分，律齐，伤口干燥无渗出。 胸壁 引流通畅，引流出淡血性液体约2 ml。腋下 引流通畅，引流出淡血性液体约3 ml。\n术后2h记录:生命体征平稳，血压126/66 mmHg，心率76 次/分，心律齐，伤口干燥无渗出。胸壁 引流通畅，引流出淡血性液体约5 ml。腋下 引流通畅，引流出淡血性液体约8 ml。\n术后3h记录:生命体征平稳，血压122/74 mmHg，心率76 次/分，心律齐，胸带加压包扎中，未见活动性出血，未见皮下血肿。胸壁 引流通畅，引流出淡血性液体约8 ml。腋下 引流通畅，引流出淡血性液体约12 ml。"
        }
    },
    {
        "文书名": "在院评估单",
        "时间": "2020-12-01 20:26:00",
        "jlysxgsj": "",
        "cfysxgsj": "",
        "sjysxgsj": "",
        "录入日期": "2020-12-01 20:28:09",
        "最后修改日期": "2020-12-01 20:28:09",
        "内容": {
            "基础评估": "1.生活自理能力评估: Barthel指数总分55分。2.活动能力评估: 步态因卧床无法评估 ；活动状态:卧床 ，能自行翻身 ，移动患者时，摩擦力和剪切力无明显问题（可独立在床上或椅子上移动，移动时有足够的肌力将身体抬高，坐在椅子或床上随时都可以维持良好的体位） 。 3.意识状况评估:神志: 清醒 ，感知觉未受损（对指令有反应，能准确表达疼痛和不适） 。 4.粘膜与皮肤状况评估:颜色: 正常 ；温度: 正常 ；湿度: 正常（皮肤经常保持干燥，只需常规更换床单） ；皮肤完整性: 不完整 ，皮肤不完整原因切口 ，切口部位 胸部 。 无 水肿 ；无 静脉炎 ；无 瘙痒；无 麻木；无 灼烧感 。5.疼痛: 有 疼痛，切口疼痛，呈间隙性疼痛，轻度（注意时，有觉察） ，疼痛评分2分 。 6.排泄: 无 失禁 。 7.意外事件评估: 未发生意外事件。\n营养状况评估:良好(饮食摄入和平时一样，每餐有蛋白质摄入) ，无营养支持。\n危重症程度评估: 无 严重器官系统功能不全。 无 免疫损害。 格拉斯评分: 15分 。 危重症评分: 4分 。\n高危因素的筛查\n该病人目前不存在跌倒风险\n该病人目前不存在压疮风险。\n分级护理级别: 该病人分级护理建议为一级护理。",
            "置管状态": "留置导尿管: 类型:双腔导尿管；尿液颜色:正常 ；固定:正确；护理:已落实；\n其他导管:\n名称:右胸壁；性质:单腔；连接方式:负吸球；固定:正确；护理:已落实；\n名称:右腋窝；性质:单腔；连接方式:负吸球；固定:正确；护理:已落实；\n【医学元素\\签名\\护士签名2-护理评估】\n【医学元素\\签名\\护士签名3-护理评估】\n【医学元素\\签名\\护士长签名-护理评估】"
        }
    },
    {
        "文书名": "新会诊记录",
        "时间": "2020-12-02 07:36:00",
        "jlysxgsj": "",
        "cfysxgsj": "",
        "sjysxgsj": "2020-12-02 08:29:55",
        "录入日期": "2020-12-02 07:36:16",
        "最后修改日期": "2020-12-02 08:44:30",
        "内容": {
            "目前诊断": "病人诊断:、入院诊断:乳腺恶性肿瘤(右乳)；",
            "病史及体检摘要": "患者1周前体检发现右乳一肿物，大小约2cm，活动度差，无压痛，无乳房局部皮肤破溃红肿，皮肤无变薄，皮下未见扩张静脉，乳头皮肤无湿疹样改变。无乳头溢液。2020-11-16瑞金北院乳腺超声示:右乳肿物，位于9点钟方向，大小约21.2*14.7mm。2020-11-21于瑞金医院北院行右乳肿物粗针穿刺术，术后穿刺病理示:“右乳穿刺标本”浸润性癌。本次为行进一步诊治，门诊拟“右乳恶性肿瘤”收治入院。 自发病以来，患者神清，精神可，睡眠胃纳可，二便正常，体重无明显增减。",
            "辅助检查结果": "总胆固醇 5.71↑mmol/L(参考值2.33--5.70mmol/L)",
            "会诊目的": "会诊目的: 请贵科会诊，协助康复训练；",
            "申请会诊医师签名": "申请科室:乳腺外科一\n申请会诊时间:2020-12-02 07:35",
            "二 回折联": "",
            "会诊意见": "病史敬悉，患者，女，61岁，因“体检发现右乳肿物11天，确诊右乳癌6天”入院， 右乳单侧乳房根治性切除术术后1天。 查体:神清，精神可，听理解可，查体合作。伤口无红肿渗出，上臂、前臂无肿胀，颈椎及肩关节活动度轻度受限。 康复评定:伤口周围压痛（+），NRS2-3′，颈椎及肩关节活动度轻度受限； 诊断:右乳单侧乳房根治性切除术术后（疼痛、运动功能障碍、ADL受限） 建议: 1.康复评定*1 ；2.运动疗法（呼吸训练及肢体主动训练）；3.关节松动a+b（肢体关节活动）；4.其他推拿；每周5天，每天1次，注意体力，运动量，注意伤口情况。 康复目标:缓解疼痛，维持肌力，改善关节活动度，提高ADL能力 随访。谢邀!",
            "会诊医师所在科别或医疗机构名称": "康复科病区",
            "会诊时间": "2020年12月02日 08时09分"
        }
    },
    {
        "文书名": "术后第一日记录",
        "时间": "2020-12-02 09:00:00",
        "jlysxgsj": "",
        "cfysxgsj": "",
        "sjysxgsj": "2020-12-03 11:27:37",
        "录入日期": "2020-12-03 11:27:42",
        "最后修改日期": "2020-12-03 11:34:02",
        "内容": {
            "观察记录": "TM员工名称TM 主任医师查房\n患者术后第一日主诉:伤口处疼痛，可耐受。\n体检:患者神清，精神一般，一般情况好，晨起体温364℃，心率78次/分。患侧手术切口对合好，干燥无渗出，未见皮下积血积液，患侧上肢未见明显肿胀。昨日胸壁引流通畅，引流出淡血性液体约50ml。 腋下引流通畅，引流出淡血性液体约50ml。\n处理:\n1. 予以拔除导尿管，伤口换药，继续加压包扎，密切关注患者生命体征变化，皮瓣情况及引流管引流情况。"
        }
    },
    {
        "文书名": "在院评估单",
        "时间": "2020-12-02 09:04:00",
        "jlysxgsj": "",
        "cfysxgsj": "",
        "sjysxgsj": "",
        "录入日期": "2020-12-02 09:06:50",
        "最后修改日期": "2020-12-02 09:06:52",
        "内容": {
            "基础评估": "1.生活自理能力评估: Barthel指数总分60分。2.活动能力评估: 步态因卧床无法评估 ；活动状态:活动受限 ，受限部位:右上肢 ，受限原因:手术 ，移动患者时，摩擦力和剪切力无明显问题（可独立在床上或椅子上移动，移动时有足够的肌力将身体抬高，坐在椅子或床上随时都可以维持良好的体位） 。 3.意识状况评估:神志: 清醒 ，感知觉未受损（对指令有反应，能准确表达疼痛和不适） 。 4.粘膜与皮肤状况评估:颜色: 正常 ；温度: 正常 ；湿度: 正常（皮肤经常保持干燥，只需常规更换床单） ；皮肤完整性: 不完整 ，皮肤不完整原因切口 ，切口部位 胸部 。 无 水肿 ；无 静脉炎 ；无 瘙痒；无 麻木；无 灼烧感 。5.疼痛: 有 疼痛，切口疼痛，呈间隙性疼痛，轻度（注意时，有觉察） ，疼痛评分1分 。 6.排泄: 无 失禁 。 7.意外事件评估: 未发生意外事件。\n患者昨夜睡眠: 易醒、入睡困难\n营养状况评估:良好(饮食摄入和平时一样，每餐有蛋白质摄入) ，无营养支持。\n危重症程度评估: 无 严重器官系统功能不全。 无 免疫损害。 格拉斯评分: 15分 。 危重症评分: 4分 。\n高危因素的筛查\n该病人目前不存在跌倒风险\n该病人目前不存在压疮风险。\n分级护理级别: 该病人分级护理建议为二级护理。",
            "置管状态": "留置导尿管: 类型:双腔导尿管；尿液颜色:正常 ；固定:正确；护理:已落实；备注:遵医嘱夹管，有尿意后拔管；\n其他导管:\n名称:右胸壁；性质:单腔；连接方式:负吸球；固定:正确；护理:已落实；\n名称:右腋窝；性质:单腔；连接方式:负吸球；固定:正确；护理:已落实；\n【医学元素\\签名\\护士签名2-护理评估】\n【医学元素\\签名\\护士签名3-护理评估】\n【医学元素\\签名\\护士长签名-护理评估】"
        }
    },
    {
        "文书名": "会诊意见处理记录",
        "时间": "2020-12-02 09:30:00",
        "jlysxgsj": "",
        "cfysxgsj": "",
        "sjysxgsj": "2020-12-03 11:28:32",
        "录入日期": "2020-12-03 11:28:33",
        "最后修改日期": "2020-12-03 11:28:52",
        "内容": {
            "受邀科室": "康复科病区\n会诊完成时间: 2020年12月02日 08时09分\n会诊意见梗概: 康复评定:伤口周围压痛（+），NRS2-3′，颈椎及肩关节活动度轻度受限；诊断:右乳单侧乳房根治性切除术术后（疼痛、运动功能障碍、ADL受限）建议: 1.康复评定*1 ；2.运动疗法（呼吸训练及肢体主动训练）；3.关节松动a+b（肢体关节活动）；4.其他推拿；每周5天，每天1次，注意体力，运动量，注意伤口情况。康复目标:缓解疼痛，维持肌力，改善关节活动度，提高ADL能力随访。谢邀!\n本科室执行情况: 嘱咐患者遵康复科会诊内容行术后康复训练。"
        }
    },
    {
        "文书名": "在院评估单",
        "时间": "2020-12-03 07:59:00",
        "jlysxgsj": "",
        "cfysxgsj": "",
        "sjysxgsj": "",
        "录入日期": "2020-12-03 08:01:13",
        "最后修改日期": "2020-12-03 08:01:17",
        "内容": {
            "基础评估": "1.生活自理能力评估: Barthel指数总分65分。2.活动能力评估: 步态稳定 ；活动状态:活动受限 ，受限部位:右上肢 ，受限原因:手术 ，移动患者时，摩擦力和剪切力无明显问题（可独立在床上或椅子上移动，移动时有足够的肌力将身体抬高，坐在椅子或床上随时都可以维持良好的体位） 。 3.意识状况评估:神志: 清醒 ，感知觉未受损（对指令有反应，能准确表达疼痛和不适） 。 4.粘膜与皮肤状况评估:颜色: 正常 ；温度: 正常 ；湿度: 正常（皮肤经常保持干燥，只需常规更换床单） ；皮肤完整性: 不完整 ，皮肤不完整原因切口 ，切口部位 胸部 。 无 水肿 ；无 静脉炎 ；无 瘙痒；无 麻木；无 灼烧感 。5.疼痛: 有 疼痛，切口疼痛，呈间隙性疼痛，轻度（注意时，有觉察） ，疼痛评分3分 。 6.排泄: 无 失禁 。 7.意外事件评估: 未发生意外事件。\n患者昨夜睡眠: 正常\n营养状况评估:良好(饮食摄入和平时一样，每餐有蛋白质摄入) ，无营养支持。\n危重症程度评估: 无 严重器官系统功能不全。 无 免疫损害。 格拉斯评分: 15分 。 危重症评分: 4分 。\n高危因素的筛查\n该病人目前不存在跌倒风险\n该病人目前不存在压疮风险。\n分级护理级别: 该病人分级护理建议为三级护理。",
            "置管状态": "其他导管:\n名称:右胸壁；性质:单腔；连接方式:负吸球；固定:正确；护理:已落实；\n名称:右腋窝；性质:单腔；连接方式:引流袋；固定:正确；护理:已落实；\n【医学元素\\签名\\护士签名2-护理评估】\n【医学元素\\签名\\护士签名3-护理评估】\n【医学元素\\签名\\护士长签名-护理评估】"
        }
    },
    {
        "文书名": "术后第二日记录",
        "时间": "2020-12-03 09:00:00",
        "jlysxgsj": "",
        "cfysxgsj": "",
        "sjysxgsj": "2020-12-03 11:29:29",
        "录入日期": "2020-12-03 11:29:31",
        "最后修改日期": "2020-12-03 11:29:31",
        "内容": {
            "观察记录": "TM员工名称TM 主治医生查房\n患者术后第二日主诉:伤口处疼痛好转。\n体检:患者神清，精神一般，一般情况好，晨起体温36.8℃，心率66次/分。患侧手术切口对合好，干燥无渗出，未见皮下积血积液，患侧上肢未见明显肿胀。昨日胸壁引流通畅，引流出淡血性液体40ml。腋下引流通畅，引流出淡血性液体约70ml。\n处理:\n1.伤口加压包扎，密切关注患者生命体征变化，皮瓣情况及引流管引流情况。"
        }
    },
    {
        "文书名": "在院评估单",
        "时间": "2020-12-04 08:16:00",
        "jlysxgsj": "",
        "cfysxgsj": "",
        "sjysxgsj": "",
        "录入日期": "2020-12-04 08:18:15",
        "最后修改日期": "2020-12-04 14:19:23",
        "内容": {
            "基础评估": "1.生活自理能力评估: Barthel指数总分70分。2.活动能力评估: 步态稳定 ；活动状态:活动受限 ，受限部位:右上肢 ，受限原因:手术 ，移动患者时，摩擦力和剪切力无明显问题（可独立在床上或椅子上移动，移动时有足够的肌力将身体抬高，坐在椅子或床上随时都可以维持良好的体位） 。 3.意识状况评估:神志: 清醒 ，感知觉未受损（对指令有反应，能准确表达疼痛和不适） 。 4.粘膜与皮肤状况评估:颜色: 正常 ；温度: 正常 ；湿度: 正常（皮肤经常保持干燥，只需常规更换床单） ；皮肤完整性: 不完整 ，皮肤不完整原因切口 ，切口部位 胸部 。 无 水肿 ；无 静脉炎 ；无 瘙痒；无 麻木；无 灼烧感 。5.疼痛: 有 疼痛，切口疼痛，呈间隙性疼痛，轻度（注意时，有觉察） ，疼痛评分2分 。 6.排泄: 无 失禁 。 7.意外事件评估: 未发生意外事件。\n患者昨夜睡眠: 易醒\n营养状况评估:良好(饮食摄入和平时一样，每餐有蛋白质摄入) ，无营养支持。\n危重症程度评估: 无 严重器官系统功能不全。 无 免疫损害。 格拉斯评分: 15分 。 危重症评分: 4分 。\n高危因素的筛查\n该病人目前不存在跌倒风险\n该病人目前不存在压疮风险。\n分级护理级别: 该病人分级护理建议为三级护理。",
            "置管状态": "其他导管:\n名称:右胸壁；性质:单腔；连接方式:负吸球；固定:正确；护理:已落实；\n名称:右腋窝；性质:单腔；连接方式:负吸球；固定:正确；护理:已落实；\n【医学元素\\签名\\护士签名2-护理评估】\n【医学元素\\签名\\护士签名3-护理评估】"
        }
    },
    {
        "文书名": "术后第三日记录",
        "时间": "2020-12-04 09:00:00",
        "jlysxgsj": "",
        "cfysxgsj": "",
        "sjysxgsj": "2020-12-03 11:29:58",
        "录入日期": "2020-12-03 11:30:01",
        "最后修改日期": "2020-12-07 08:07:33",
        "内容": {
            "观察记录": "TM员工名称TM 住院医生查房\n患者术后第三日主诉:患者无不适。\n体检:患者神清，精神一般，一般情况好，晨起体温36.7℃，心率72次/分。患侧手术切口对合好，干燥无渗出，未见皮下积血积液，患侧上肢未见明显肿胀。昨日胸壁引流通畅，引流出淡血性液体约25ml。 腋下引流通畅，引流出淡血性液体约20ml。\n处理:\n1.伤口加压包扎，密切关注患者生命体征变化，皮瓣情况及引流管引流情况。"
        }
    },
    {
        "文书名": "在院评估单",
        "时间": "2020-12-05 07:58:00",
        "jlysxgsj": "",
        "cfysxgsj": "",
        "sjysxgsj": "",
        "录入日期": "2020-12-05 07:59:08",
        "最后修改日期": "2020-12-05 07:59:08",
        "内容": {
            "置管状态": "其他导管:\n名称:右胸壁；备注:遵医嘱拔除；性质:单腔；连接方式:负吸球；固定:正确；护理:已落实；\n名称:右腋窝；性质:单腔；连接方式:负吸球；固定:正确；护理:已落实；\n【医学元素\\签名\\护士签名2-护理评估】\n【医学元素\\签名\\护士签名3-护理评估】"
        }
    },
    {
        "文书名": "日常病程记录",
        "时间": "2020-12-05 09:00:00",
        "jlysxgsj": "",
        "cfysxgsj": "",
        "sjysxgsj": "2020-12-03 11:30:26",
        "录入日期": "2020-12-03 11:30:28",
        "最后修改日期": "2020-12-07 08:06:47",
        "内容": {
            "文本": "TM员工名称TM 主治医生查房 患者术后第四日主诉:患者无不适。\n体检:患者神清，精神一般，一般情况好，晨起体温36.7℃，心率62次/分。患侧手术切口对合好，干燥无渗出，未见皮下积血积液，患侧上肢未见明显肿胀。昨日胸壁引流通畅，引流出淡血性液体约0ml。腋下引流通畅，引流出淡血性液体约40ml。\n处理:\n1.予拔除胸壁引流管，伤口换药一次，伤口继续加压包扎，密切关注患者生命体征变化，皮瓣情况及引流管引流情况。\n2.患者现一般情况良好，生命体征平稳，目前腋下引流管引流量仍需观察暂不可拔管，经上级医生查房予以今日带管出院。"
        }
    },
    {
        "文书名": "乳腺中心出院记录",
        "时间": "2020-12-05 10:00:00",
        "jlysxgsj": "",
        "cfysxgsj": "",
        "sjysxgsj": "2020-12-03 11:31:20",
        "录入日期": "2020-12-03 11:33:32",
        "最后修改日期": "2020-12-04 14:42:00",
        "内容": {
            "入院日期": "2020.11.27 09:33",
            "出院日期": "2020-12-05 10:00",
            "入院诊断": "乳腺恶性肿瘤(右乳)",
            "出院诊断": "乳腺恶性肿瘤(右乳浸润性癌)",
            "入院情况": "患者1周前体检发现右乳一肿物，大小约2cm，活动度差，无压痛，无乳房局部皮肤破溃红肿，皮肤无变薄，皮下未见扩张静脉，乳头皮肤无湿疹样改变。无乳头溢液。2020-11-16瑞金北院乳腺超声示:右乳肿物，位于9点钟方向，大小约21.2*14.7mm。2020-11-21于瑞金医院北院行右乳肿物粗针穿刺术，术后穿刺病理示:“右乳穿刺标本”浸润性癌。本次为行进一步诊治，门诊拟“右乳恶性肿瘤”收治入院。\n自发病以来，患者神清，精神可，睡眠胃纳可，二便正常，体重无明显增减。\n查体:双乳对称；双乳皮肤无红肿、破溃、凹陷、橘皮样变；双侧乳头等高、无凹陷、无歪斜，无乳头湿疹样改变，未见陈旧手术疤痕；右乳外上可扪及一直径约2 cm肿块，质地硬，活动度差，边界不清，肿块与皮肤无粘连，无明显触痛。无溢液。对侧乳腺未及明确肿块。双侧腋窝及双侧锁骨上不可扪及异常肿大淋巴结。",
            "诊疗经过": "患者入院后完善相关检查，于2020-12-01全麻下行右乳癌单纯乳房切除术+前哨淋巴结活检术+腋窝淋巴结清扫术，术中冰冻病理示:“右腋窝前哨淋巴结1”送检组织脂肪含量较多，冰冻制片未能展现完整组织学结构，待石蜡切片进一步诊断。“右腋窝前哨淋巴结2”淋巴结可见转移癌（1/1）（宏转移）。“右腋窝前哨旁淋巴脂肪组织”送检组织脂肪含量较多，冰冻制片未能展现完整组织学结构，待石蜡切片进一步诊断。术顺安返，并邀康复科会诊协助术后康复指导。术后患者伤口对合良好，胸壁引流管已拔除。现患者一般情况良好，伤口愈合I/甲，腋下引流量仍需观察，经上级医师查房同意后，予以腋下带管出院。",
            "出院情况": "神清,精神可,一般情况良好。伤口愈合I/甲。",
            "出院医嘱": "1.待病理报告出齐后专科护士通知，来我院参加联合讨论门诊，拟定进一步诊疗或随访方案。\n2. 保持伤口清洁干燥，拔管前避免洗澡；拔除腋下引流管前，每3天来院换药一次，换药门诊时间:每周一～周五15:00-16:30门诊大楼3楼乳腺中心门诊。如有发热，切口局部红肿、疼痛、化脓等不适，及时来院就诊。\n3．如腋下引流量连续3天＜10ml，予以门诊拔腋下引流管\n4．拔管前尽量避免患侧上肢外展、上举、拎提重物；拔管后可适当进行上肢功能锻炼，康复锻炼详见专页。\n5．患者住院期间心电图:T波改变，建议于心内科随访治疗。腹部超声:胆囊壁胆固醇结晶，建议于肝胆外科随访治疗。"
        }
    }
]